video,mode,repeat,evaluation_status,alert_delay,alert_delay_min,alert_delay_max,alert_delay_count
Rest.mp4,baseline,1,EVALUATED,1.0799999999999983,1.0799999999999983,1.0799999999999983,1
Rest.mp4,threaded,1,EVALUATED,1.0799999999999983,1.0799999999999983,1.0799999999999983,1
Rest.mp4,optimized,1,EVALUATED,1.0799999999999983,1.0799999999999983,1.0799999999999983,1
Browse.mp4,baseline,1,EVALUATED,0.8,0.8,0.8,1
Browse.mp4,threaded,1,EVALUATED,0.8,0.8,0.8,1
Browse.mp4,optimized,1,EVALUATED,0.8,0.8,0.8,1
Danger.mp4,baseline,1,EVALUATED,1.4800000000000004,0.8800000000000008,2.08,2
Danger.mp4,threaded,1,EVALUATED,1.4800000000000004,0.8800000000000008,2.08,2
Danger.mp4,optimized,1,EVALUATED,1.4800000000000004,0.8800000000000008,2.08,2
ThreeDanger.mp4,baseline,1,EVALUATED,N/A,N/A,N/A,0
ThreeDanger.mp4,threaded,1,EVALUATED,N/A,N/A,N/A,0
ThreeDanger.mp4,optimized,1,EVALUATED,N/A,N/A,N/A,0
Near_walk.mp4,baseline,1,EVALUATED,N/A,N/A,N/A,0
Near_walk.mp4,threaded,1,EVALUATED,N/A,N/A,N/A,0
Near_walk.mp4,optimized,1,EVALUATED,N/A,N/A,N/A,0
LeftBox.mp4,baseline,1,EVALUATED,0.0,0.0,0.0,1
LeftBox.mp4,threaded,1,EVALUATED,0.0,0.0,0.0,1
LeftBox.mp4,optimized,1,EVALUATED,0.0,0.0,0.0,1
long_stay.mp4,baseline,1,EVALUATED,0.0,0.0,0.0,1
long_stay.mp4,threaded,1,EVALUATED,0.0,0.0,0.0,1
long_stay.mp4,optimized,1,EVALUATED,0.0,0.0,0.0,1
Rest.mp4,threaded,2,EVALUATED,1.0799999999999983,1.0799999999999983,1.0799999999999983,1
Rest.mp4,optimized,2,EVALUATED,1.0799999999999983,1.0799999999999983,1.0799999999999983,1
Rest.mp4,baseline,2,EVALUATED,1.0799999999999983,1.0799999999999983,1.0799999999999983,1
Browse.mp4,threaded,2,EVALUATED,0.8,0.8,0.8,1
Browse.mp4,optimized,2,EVALUATED,0.8,0.8,0.8,1
Browse.mp4,baseline,2,EVALUATED,0.8,0.8,0.8,1
Danger.mp4,threaded,2,EVALUATED,1.4800000000000004,0.8800000000000008,2.08,2
Danger.mp4,optimized,2,EVALUATED,1.4800000000000004,0.8800000000000008,2.08,2
Danger.mp4,baseline,2,EVALUATED,1.4800000000000004,0.8800000000000008,2.08,2
ThreeDanger.mp4,threaded,2,EVALUATED,N/A,N/A,N/A,0
ThreeDanger.mp4,optimized,2,EVALUATED,N/A,N/A,N/A,0
ThreeDanger.mp4,baseline,2,EVALUATED,N/A,N/A,N/A,0
Near_walk.mp4,threaded,2,EVALUATED,N/A,N/A,N/A,0
Near_walk.mp4,optimized,2,EVALUATED,N/A,N/A,N/A,0
Near_walk.mp4,baseline,2,EVALUATED,N/A,N/A,N/A,0
LeftBox.mp4,threaded,2,EVALUATED,0.0,0.0,0.0,1
LeftBox.mp4,optimized,2,EVALUATED,0.0,0.0,0.0,1
LeftBox.mp4,baseline,2,EVALUATED,0.0,0.0,0.0,1
long_stay.mp4,threaded,2,EVALUATED,0.0,0.0,0.0,1
long_stay.mp4,optimized,2,EVALUATED,0.0,0.0,0.0,1
long_stay.mp4,baseline,2,EVALUATED,0.0,0.0,0.0,1
Rest.mp4,optimized,3,EVALUATED,1.0799999999999983,1.0799999999999983,1.0799999999999983,1
Rest.mp4,baseline,3,EVALUATED,1.0799999999999983,1.0799999999999983,1.0799999999999983,1
Rest.mp4,threaded,3,EVALUATED,1.0799999999999983,1.0799999999999983,1.0799999999999983,1
Browse.mp4,optimized,3,EVALUATED,0.8,0.8,0.8,1
Browse.mp4,baseline,3,EVALUATED,0.8,0.8,0.8,1
Browse.mp4,threaded,3,EVALUATED,0.8,0.8,0.8,1
Danger.mp4,optimized,3,EVALUATED,1.4800000000000004,0.8800000000000008,2.08,2
Danger.mp4,baseline,3,EVALUATED,1.4800000000000004,0.8800000000000008,2.08,2
Danger.mp4,threaded,3,EVALUATED,1.4800000000000004,0.8800000000000008,2.08,2
ThreeDanger.mp4,optimized,3,EVALUATED,N/A,N/A,N/A,0
ThreeDanger.mp4,baseline,3,EVALUATED,N/A,N/A,N/A,0
ThreeDanger.mp4,threaded,3,EVALUATED,N/A,N/A,N/A,0
Near_walk.mp4,optimized,3,EVALUATED,N/A,N/A,N/A,0
Near_walk.mp4,baseline,3,EVALUATED,N/A,N/A,N/A,0
Near_walk.mp4,threaded,3,EVALUATED,N/A,N/A,N/A,0
LeftBox.mp4,optimized,3,EVALUATED,0.0,0.0,0.0,1
LeftBox.mp4,baseline,3,EVALUATED,0.0,0.0,0.0,1
LeftBox.mp4,threaded,3,EVALUATED,0.0,0.0,0.0,1
long_stay.mp4,optimized,3,EVALUATED,0.0,0.0,0.0,1
long_stay.mp4,baseline,3,EVALUATED,0.0,0.0,0.0,1
long_stay.mp4,threaded,3,EVALUATED,0.0,0.0,0.0,1
