video,mode,repeat,evaluation_status,tp,fp,fn,precision,recall,f1,evaluation_note
Rest.mp4,baseline,1,EVALUATED,1,0,0,1.0,1.0,1.0,
Rest.mp4,threaded,1,EVALUATED,1,0,0,1.0,1.0,1.0,
Rest.mp4,optimized,1,EVALUATED,1,0,0,1.0,1.0,1.0,
Browse.mp4,baseline,1,EVALUATED,1,2,0,0.3333333333333333,1.0,0.5,
Browse.mp4,threaded,1,EVALUATED,1,2,0,0.3333333333333333,1.0,0.5,
Browse.mp4,optimized,1,EVALUATED,1,2,0,0.3333333333333333,1.0,0.5,
Danger.mp4,baseline,1,EVALUATED,2,1,0,0.6666666666666666,1.0,0.8,
Danger.mp4,threaded,1,EVALUATED,2,1,0,0.6666666666666666,1.0,0.8,
Danger.mp4,optimized,1,EVALUATED,2,1,0,0.6666666666666666,1.0,0.8,
ThreeDanger.mp4,baseline,1,EVALUATED,0,0,2,N/A,0.0,0.0,
ThreeDanger.mp4,threaded,1,EVALUATED,0,0,2,N/A,0.0,0.0,
ThreeDanger.mp4,optimized,1,EVALUATED,0,0,2,N/A,0.0,0.0,
Near_walk.mp4,baseline,1,EVALUATED,0,0,0,N/A,N/A,N/A,
Near_walk.mp4,threaded,1,EVALUATED,0,0,0,N/A,N/A,N/A,
Near_walk.mp4,optimized,1,EVALUATED,0,0,0,N/A,N/A,N/A,
LeftBox.mp4,baseline,1,EVALUATED,1,2,0,0.3333333333333333,1.0,0.5,
LeftBox.mp4,threaded,1,EVALUATED,1,2,0,0.3333333333333333,1.0,0.5,
LeftBox.mp4,optimized,1,EVALUATED,1,2,0,0.3333333333333333,1.0,0.5,
long_stay.mp4,baseline,1,EVALUATED,1,0,0,1.0,1.0,1.0,
long_stay.mp4,threaded,1,EVALUATED,1,0,0,1.0,1.0,1.0,
long_stay.mp4,optimized,1,EVALUATED,1,0,0,1.0,1.0,1.0,
Rest.mp4,threaded,2,EVALUATED,1,0,0,1.0,1.0,1.0,
Rest.mp4,optimized,2,EVALUATED,1,0,0,1.0,1.0,1.0,
Rest.mp4,baseline,2,EVALUATED,1,0,0,1.0,1.0,1.0,
Browse.mp4,threaded,2,EVALUATED,1,2,0,0.3333333333333333,1.0,0.5,
Browse.mp4,optimized,2,EVALUATED,1,2,0,0.3333333333333333,1.0,0.5,
Browse.mp4,baseline,2,EVALUATED,1,2,0,0.3333333333333333,1.0,0.5,
Danger.mp4,threaded,2,EVALUATED,2,1,0,0.6666666666666666,1.0,0.8,
Danger.mp4,optimized,2,EVALUATED,2,1,0,0.6666666666666666,1.0,0.8,
Danger.mp4,baseline,2,EVALUATED,2,1,0,0.6666666666666666,1.0,0.8,
ThreeDanger.mp4,threaded,2,EVALUATED,0,0,2,N/A,0.0,0.0,
ThreeDanger.mp4,optimized,2,EVALUATED,0,0,2,N/A,0.0,0.0,
ThreeDanger.mp4,baseline,2,EVALUATED,0,0,2,N/A,0.0,0.0,
Near_walk.mp4,threaded,2,EVALUATED,0,0,0,N/A,N/A,N/A,
Near_walk.mp4,optimized,2,EVALUATED,0,0,0,N/A,N/A,N/A,
Near_walk.mp4,baseline,2,EVALUATED,0,0,0,N/A,N/A,N/A,
LeftBox.mp4,threaded,2,EVALUATED,1,2,0,0.3333333333333333,1.0,0.5,
LeftBox.mp4,optimized,2,EVALUATED,1,2,0,0.3333333333333333,1.0,0.5,
LeftBox.mp4,baseline,2,EVALUATED,1,2,0,0.3333333333333333,1.0,0.5,
long_stay.mp4,threaded,2,EVALUATED,1,0,0,1.0,1.0,1.0,
long_stay.mp4,optimized,2,EVALUATED,1,0,0,1.0,1.0,1.0,
long_stay.mp4,baseline,2,EVALUATED,1,0,0,1.0,1.0,1.0,
Rest.mp4,optimized,3,EVALUATED,1,0,0,1.0,1.0,1.0,
Rest.mp4,baseline,3,EVALUATED,1,0,0,1.0,1.0,1.0,
Rest.mp4,threaded,3,EVALUATED,1,0,0,1.0,1.0,1.0,
Browse.mp4,optimized,3,EVALUATED,1,2,0,0.3333333333333333,1.0,0.5,
Browse.mp4,baseline,3,EVALUATED,1,2,0,0.3333333333333333,1.0,0.5,
Browse.mp4,threaded,3,EVALUATED,1,2,0,0.3333333333333333,1.0,0.5,
Danger.mp4,optimized,3,EVALUATED,2,1,0,0.6666666666666666,1.0,0.8,
Danger.mp4,baseline,3,EVALUATED,2,1,0,0.6666666666666666,1.0,0.8,
Danger.mp4,threaded,3,EVALUATED,2,1,0,0.6666666666666666,1.0,0.8,
ThreeDanger.mp4,optimized,3,EVALUATED,0,0,2,N/A,0.0,0.0,
ThreeDanger.mp4,baseline,3,EVALUATED,0,0,2,N/A,0.0,0.0,
ThreeDanger.mp4,threaded,3,EVALUATED,0,0,2,N/A,0.0,0.0,
Near_walk.mp4,optimized,3,EVALUATED,0,0,0,N/A,N/A,N/A,
Near_walk.mp4,baseline,3,EVALUATED,0,0,0,N/A,N/A,N/A,
Near_walk.mp4,threaded,3,EVALUATED,0,0,0,N/A,N/A,N/A,
LeftBox.mp4,optimized,3,EVALUATED,1,2,0,0.3333333333333333,1.0,0.5,
LeftBox.mp4,baseline,3,EVALUATED,1,2,0,0.3333333333333333,1.0,0.5,
LeftBox.mp4,threaded,3,EVALUATED,1,2,0,0.3333333333333333,1.0,0.5,
long_stay.mp4,optimized,3,EVALUATED,1,0,0,1.0,1.0,1.0,
long_stay.mp4,baseline,3,EVALUATED,1,0,0,1.0,1.0,1.0,
long_stay.mp4,threaded,3,EVALUATED,1,0,0,1.0,1.0,1.0,
