video,mode,repeat,exact_event_intervals_equal_baseline
Rest.mp4,baseline,1,True
Rest.mp4,threaded,1,True
Rest.mp4,optimized,1,True
Browse.mp4,baseline,1,True
Browse.mp4,threaded,1,True
Browse.mp4,optimized,1,True
Danger.mp4,baseline,1,True
Danger.mp4,threaded,1,True
Danger.mp4,optimized,1,True
ThreeDanger.mp4,baseline,1,True
ThreeDanger.mp4,threaded,1,True
ThreeDanger.mp4,optimized,1,True
Near_walk.mp4,baseline,1,True
Near_walk.mp4,threaded,1,True
Near_walk.mp4,optimized,1,True
LeftBox.mp4,baseline,1,True
LeftBox.mp4,threaded,1,True
LeftBox.mp4,optimized,1,True
long_stay.mp4,baseline,1,True
long_stay.mp4,threaded,1,True
long_stay.mp4,optimized,1,True
Rest.mp4,threaded,2,True
Rest.mp4,optimized,2,True
Rest.mp4,baseline,2,True
Browse.mp4,threaded,2,True
Browse.mp4,optimized,2,True
Browse.mp4,baseline,2,True
Danger.mp4,threaded,2,True
Danger.mp4,optimized,2,True
Danger.mp4,baseline,2,True
ThreeDanger.mp4,threaded,2,True
ThreeDanger.mp4,optimized,2,True
ThreeDanger.mp4,baseline,2,True
Near_walk.mp4,threaded,2,True
Near_walk.mp4,optimized,2,True
Near_walk.mp4,baseline,2,True
LeftBox.mp4,threaded,2,True
LeftBox.mp4,optimized,2,True
LeftBox.mp4,baseline,2,True
long_stay.mp4,threaded,2,True
long_stay.mp4,optimized,2,True
long_stay.mp4,baseline,2,True
Rest.mp4,optimized,3,True
Rest.mp4,baseline,3,True
Rest.mp4,threaded,3,True
Browse.mp4,optimized,3,True
Browse.mp4,baseline,3,True
Browse.mp4,threaded,3,True
Danger.mp4,optimized,3,True
Danger.mp4,baseline,3,True
Danger.mp4,threaded,3,True
ThreeDanger.mp4,optimized,3,True
ThreeDanger.mp4,baseline,3,True
ThreeDanger.mp4,threaded,3,True
Near_walk.mp4,optimized,3,True
Near_walk.mp4,baseline,3,True
Near_walk.mp4,threaded,3,True
LeftBox.mp4,optimized,3,True
LeftBox.mp4,baseline,3,True
LeftBox.mp4,threaded,3,True
long_stay.mp4,optimized,3,True
long_stay.mp4,baseline,3,True
long_stay.mp4,threaded,3,True
