video,outcome,event_id,zone,truth_index,detected_start,detected_end,status,evaluation_end_time,truth_start,truth_end,alert_delay,mode,repeat
Rest.mp4,TP,20260927T234749-334a6625d2-0001,zone1,0,36.92,38.56,closed,38.56,36.0,39.0,1.0799999999999983,baseline,1
Rest.mp4,TP,20260927T234751-c31544c2ca-0001,zone1,0,36.92,38.56,closed,38.56,36.0,39.0,1.0799999999999983,threaded,1
Rest.mp4,TP,20260927T234754-2e341b8cb4-0001,zone1,0,36.92,38.56,closed,38.56,36.0,39.0,1.0799999999999983,optimized,1
Browse.mp4,TP,20260927T234756-738162908d-0001,zone1,0,1.64,3.24,closed,3.24,1.0,6.0,0.8,baseline,1
Browse.mp4,FP,20260927T234756-738162908d-0002,zone1,N/A,37.2,37.84,closed,37.84,N/A,N/A,N/A,baseline,1
Browse.mp4,FP,20260927T234756-738162908d-0003,zone1,N/A,39.92,,open_at_eof,42.04,N/A,N/A,N/A,baseline,1
Browse.mp4,TP,20260927T234759-752bcf6327-0001,zone1,0,1.64,3.24,closed,3.24,1.0,6.0,0.8,threaded,1
Browse.mp4,FP,20260927T234759-752bcf6327-0002,zone1,N/A,37.2,37.84,closed,37.84,N/A,N/A,N/A,threaded,1
Browse.mp4,FP,20260927T234759-752bcf6327-0003,zone1,N/A,39.92,,open_at_eof,42.04,N/A,N/A,N/A,threaded,1
Browse.mp4,TP,20260927T234802-7d63279ea4-0001,zone1,0,1.64,3.24,closed,3.24,1.0,6.0,0.8,optimized,1
Browse.mp4,FP,20260927T234802-7d63279ea4-0002,zone1,N/A,37.2,37.84,closed,37.84,N/A,N/A,N/A,optimized,1
Browse.mp4,FP,20260927T234802-7d63279ea4-0003,zone1,N/A,39.92,,open_at_eof,42.04,N/A,N/A,N/A,optimized,1
Danger.mp4,TP,20260927T234804-194f02748d-0001,zone1,0,9.92,10.24,closed,10.24,8.0,10.0,2.08,baseline,1
Danger.mp4,TP,20260927T234804-194f02748d-0002,zone1,1,12.72,13.2,closed,13.2,12.0,13.0,0.8800000000000008,baseline,1
Danger.mp4,FP,20260927T234804-194f02748d-0003,zone1,N/A,53.72,54.2,closed,54.2,N/A,N/A,N/A,baseline,1
Danger.mp4,TP,20260927T234808-34ca6d85e0-0001,zone1,0,9.92,10.24,closed,10.24,8.0,10.0,2.08,threaded,1
Danger.mp4,TP,20260927T234808-34ca6d85e0-0002,zone1,1,12.72,13.2,closed,13.2,12.0,13.0,0.8800000000000008,threaded,1
Danger.mp4,FP,20260927T234808-34ca6d85e0-0003,zone1,N/A,53.72,54.2,closed,54.2,N/A,N/A,N/A,threaded,1
Danger.mp4,TP,20260927T234812-1671e87799-0001,zone1,0,9.92,10.24,closed,10.24,8.0,10.0,2.08,optimized,1
Danger.mp4,TP,20260927T234812-1671e87799-0002,zone1,1,12.72,13.2,closed,13.2,12.0,13.0,0.8800000000000008,optimized,1
Danger.mp4,FP,20260927T234812-1671e87799-0003,zone1,N/A,53.72,54.2,closed,54.2,N/A,N/A,N/A,optimized,1
ThreeDanger.mp4,FN,N/A,zone1,0,N/A,N/A,N/A,N/A,10.0,11.0,N/A,baseline,1
ThreeDanger.mp4,FN,N/A,zone1,1,N/A,N/A,N/A,N/A,58.0,59.0,N/A,baseline,1
ThreeDanger.mp4,FN,N/A,zone1,0,N/A,N/A,N/A,N/A,10.0,11.0,N/A,threaded,1
ThreeDanger.mp4,FN,N/A,zone1,1,N/A,N/A,N/A,N/A,58.0,59.0,N/A,threaded,1
ThreeDanger.mp4,FN,N/A,zone1,0,N/A,N/A,N/A,N/A,10.0,11.0,N/A,optimized,1
ThreeDanger.mp4,FN,N/A,zone1,1,N/A,N/A,N/A,N/A,58.0,59.0,N/A,optimized,1
LeftBox.mp4,TP,20260927T234829-1fa113bf06-0001,zone1,0,1.4,2.04,closed,2.04,1.56,34.84,0.0,baseline,1
LeftBox.mp4,FP,20260927T234829-1fa113bf06-0002,zone1,N/A,21.96,23.96,closed,23.96,N/A,N/A,N/A,baseline,1
LeftBox.mp4,FP,20260927T234829-1fa113bf06-0003,zone1,N/A,24.84,29.36,closed,29.36,N/A,N/A,N/A,baseline,1
LeftBox.mp4,TP,20260927T234831-d5275804eb-0001,zone1,0,1.4,2.04,closed,2.04,1.56,34.84,0.0,threaded,1
LeftBox.mp4,FP,20260927T234831-d5275804eb-0002,zone1,N/A,21.96,23.96,closed,23.96,N/A,N/A,N/A,threaded,1
LeftBox.mp4,FP,20260927T234831-d5275804eb-0003,zone1,N/A,24.84,29.36,closed,29.36,N/A,N/A,N/A,threaded,1
LeftBox.mp4,TP,20260927T234834-f2361dda80-0001,zone1,0,1.4,2.04,closed,2.04,1.56,34.84,0.0,optimized,1
LeftBox.mp4,FP,20260927T234834-f2361dda80-0002,zone1,N/A,21.96,23.96,closed,23.96,N/A,N/A,N/A,optimized,1
LeftBox.mp4,FP,20260927T234834-f2361dda80-0003,zone1,N/A,24.84,29.36,closed,29.36,N/A,N/A,N/A,optimized,1
long_stay.mp4,TP,20260927T234836-a12b0de3e8-0001,zone1,0,34.28,35.8,closed,35.8,34.44,76.12,0.0,baseline,1
long_stay.mp4,TP,20260927T234840-142c2a7a96-0001,zone1,0,34.28,35.8,closed,35.8,34.44,76.12,0.0,threaded,1
long_stay.mp4,TP,20260927T234844-403f1daa32-0001,zone1,0,34.28,35.8,closed,35.8,34.44,76.12,0.0,optimized,1
Rest.mp4,TP,20260927T234848-d6e52e6cc6-0001,zone1,0,36.92,38.56,closed,38.56,36.0,39.0,1.0799999999999983,threaded,2
Rest.mp4,TP,20260927T234850-52a07d03a3-0001,zone1,0,36.92,38.56,closed,38.56,36.0,39.0,1.0799999999999983,optimized,2
Rest.mp4,TP,20260927T234852-cd7f59dea2-0001,zone1,0,36.92,38.56,closed,38.56,36.0,39.0,1.0799999999999983,baseline,2
Browse.mp4,TP,20260927T234854-4ae2b20c84-0001,zone1,0,1.64,3.24,closed,3.24,1.0,6.0,0.8,threaded,2
Browse.mp4,FP,20260927T234854-4ae2b20c84-0002,zone1,N/A,37.2,37.84,closed,37.84,N/A,N/A,N/A,threaded,2
Browse.mp4,FP,20260927T234854-4ae2b20c84-0003,zone1,N/A,39.92,,open_at_eof,42.04,N/A,N/A,N/A,threaded,2
Browse.mp4,TP,20260927T234857-3486ba1610-0001,zone1,0,1.64,3.24,closed,3.24,1.0,6.0,0.8,optimized,2
Browse.mp4,FP,20260927T234857-3486ba1610-0002,zone1,N/A,37.2,37.84,closed,37.84,N/A,N/A,N/A,optimized,2
Browse.mp4,FP,20260927T234857-3486ba1610-0003,zone1,N/A,39.92,,open_at_eof,42.04,N/A,N/A,N/A,optimized,2
Browse.mp4,TP,20260927T234900-e35a65eef1-0001,zone1,0,1.64,3.24,closed,3.24,1.0,6.0,0.8,baseline,2
Browse.mp4,FP,20260927T234900-e35a65eef1-0002,zone1,N/A,37.2,37.84,closed,37.84,N/A,N/A,N/A,baseline,2
Browse.mp4,FP,20260927T234900-e35a65eef1-0003,zone1,N/A,39.92,,open_at_eof,42.04,N/A,N/A,N/A,baseline,2
Danger.mp4,TP,20260927T234902-6cf7fe6047-0001,zone1,0,9.92,10.24,closed,10.24,8.0,10.0,2.08,threaded,2
Danger.mp4,TP,20260927T234902-6cf7fe6047-0002,zone1,1,12.72,13.2,closed,13.2,12.0,13.0,0.8800000000000008,threaded,2
Danger.mp4,FP,20260927T234902-6cf7fe6047-0003,zone1,N/A,53.72,54.2,closed,54.2,N/A,N/A,N/A,threaded,2
Danger.mp4,TP,20260927T234906-e9be861ae0-0001,zone1,0,9.92,10.24,closed,10.24,8.0,10.0,2.08,optimized,2
Danger.mp4,TP,20260927T234906-e9be861ae0-0002,zone1,1,12.72,13.2,closed,13.2,12.0,13.0,0.8800000000000008,optimized,2
Danger.mp4,FP,20260927T234906-e9be861ae0-0003,zone1,N/A,53.72,54.2,closed,54.2,N/A,N/A,N/A,optimized,2
Danger.mp4,TP,20260927T234909-1c1d9a555f-0001,zone1,0,9.92,10.24,closed,10.24,8.0,10.0,2.08,baseline,2
Danger.mp4,TP,20260927T234909-1c1d9a555f-0002,zone1,1,12.72,13.2,closed,13.2,12.0,13.0,0.8800000000000008,baseline,2
Danger.mp4,FP,20260927T234909-1c1d9a555f-0003,zone1,N/A,53.72,54.2,closed,54.2,N/A,N/A,N/A,baseline,2
ThreeDanger.mp4,FN,N/A,zone1,0,N/A,N/A,N/A,N/A,10.0,11.0,N/A,threaded,2
ThreeDanger.mp4,FN,N/A,zone1,1,N/A,N/A,N/A,N/A,58.0,59.0,N/A,threaded,2
ThreeDanger.mp4,FN,N/A,zone1,0,N/A,N/A,N/A,N/A,10.0,11.0,N/A,optimized,2
ThreeDanger.mp4,FN,N/A,zone1,1,N/A,N/A,N/A,N/A,58.0,59.0,N/A,optimized,2
ThreeDanger.mp4,FN,N/A,zone1,0,N/A,N/A,N/A,N/A,10.0,11.0,N/A,baseline,2
ThreeDanger.mp4,FN,N/A,zone1,1,N/A,N/A,N/A,N/A,58.0,59.0,N/A,baseline,2
LeftBox.mp4,TP,20260927T234930-796ae18fee-0001,zone1,0,1.4,2.04,closed,2.04,1.56,34.84,0.0,threaded,2
LeftBox.mp4,FP,20260927T234930-796ae18fee-0002,zone1,N/A,21.96,23.96,closed,23.96,N/A,N/A,N/A,threaded,2
LeftBox.mp4,FP,20260927T234930-796ae18fee-0003,zone1,N/A,24.84,29.36,closed,29.36,N/A,N/A,N/A,threaded,2
LeftBox.mp4,TP,20260927T234933-870245b060-0001,zone1,0,1.4,2.04,closed,2.04,1.56,34.84,0.0,optimized,2
LeftBox.mp4,FP,20260927T234933-870245b060-0002,zone1,N/A,21.96,23.96,closed,23.96,N/A,N/A,N/A,optimized,2
LeftBox.mp4,FP,20260927T234933-870245b060-0003,zone1,N/A,24.84,29.36,closed,29.36,N/A,N/A,N/A,optimized,2
LeftBox.mp4,TP,20260927T234936-b2400a5259-0001,zone1,0,1.4,2.04,closed,2.04,1.56,34.84,0.0,baseline,2
LeftBox.mp4,FP,20260927T234936-b2400a5259-0002,zone1,N/A,21.96,23.96,closed,23.96,N/A,N/A,N/A,baseline,2
LeftBox.mp4,FP,20260927T234936-b2400a5259-0003,zone1,N/A,24.84,29.36,closed,29.36,N/A,N/A,N/A,baseline,2
long_stay.mp4,TP,20260927T234939-d3ef9ef964-0001,zone1,0,34.28,35.8,closed,35.8,34.44,76.12,0.0,threaded,2
long_stay.mp4,TP,20260927T234942-34b3361189-0001,zone1,0,34.28,35.8,closed,35.8,34.44,76.12,0.0,optimized,2
long_stay.mp4,TP,20260927T234946-62dc740f42-0001,zone1,0,34.28,35.8,closed,35.8,34.44,76.12,0.0,baseline,2
Rest.mp4,TP,20260927T234950-10e35cc83d-0001,zone1,0,36.92,38.56,closed,38.56,36.0,39.0,1.0799999999999983,optimized,3
Rest.mp4,TP,20260927T234952-58e0a8507a-0001,zone1,0,36.92,38.56,closed,38.56,36.0,39.0,1.0799999999999983,baseline,3
Rest.mp4,TP,20260927T234954-9b3a8f2545-0001,zone1,0,36.92,38.56,closed,38.56,36.0,39.0,1.0799999999999983,threaded,3
Browse.mp4,TP,20260927T234956-6e4bee93a2-0001,zone1,0,1.64,3.24,closed,3.24,1.0,6.0,0.8,optimized,3
Browse.mp4,FP,20260927T234956-6e4bee93a2-0002,zone1,N/A,37.2,37.84,closed,37.84,N/A,N/A,N/A,optimized,3
Browse.mp4,FP,20260927T234956-6e4bee93a2-0003,zone1,N/A,39.92,,open_at_eof,42.04,N/A,N/A,N/A,optimized,3
Browse.mp4,TP,20260927T234959-99a2cf2ec6-0001,zone1,0,1.64,3.24,closed,3.24,1.0,6.0,0.8,baseline,3
Browse.mp4,FP,20260927T234959-99a2cf2ec6-0002,zone1,N/A,37.2,37.84,closed,37.84,N/A,N/A,N/A,baseline,3
Browse.mp4,FP,20260927T234959-99a2cf2ec6-0003,zone1,N/A,39.92,,open_at_eof,42.04,N/A,N/A,N/A,baseline,3
Browse.mp4,TP,20260927T235002-6c3201f340-0001,zone1,0,1.64,3.24,closed,3.24,1.0,6.0,0.8,threaded,3
Browse.mp4,FP,20260927T235002-6c3201f340-0002,zone1,N/A,37.2,37.84,closed,37.84,N/A,N/A,N/A,threaded,3
Browse.mp4,FP,20260927T235002-6c3201f340-0003,zone1,N/A,39.92,,open_at_eof,42.04,N/A,N/A,N/A,threaded,3
Danger.mp4,TP,20260927T235005-643fe33327-0001,zone1,0,9.92,10.24,closed,10.24,8.0,10.0,2.08,optimized,3
Danger.mp4,TP,20260927T235005-643fe33327-0002,zone1,1,12.72,13.2,closed,13.2,12.0,13.0,0.8800000000000008,optimized,3
Danger.mp4,FP,20260927T235005-643fe33327-0003,zone1,N/A,53.72,54.2,closed,54.2,N/A,N/A,N/A,optimized,3
Danger.mp4,TP,20260927T235008-e29c7aa1ab-0001,zone1,0,9.92,10.24,closed,10.24,8.0,10.0,2.08,baseline,3
Danger.mp4,TP,20260927T235008-e29c7aa1ab-0002,zone1,1,12.72,13.2,closed,13.2,12.0,13.0,0.8800000000000008,baseline,3
Danger.mp4,FP,20260927T235008-e29c7aa1ab-0003,zone1,N/A,53.72,54.2,closed,54.2,N/A,N/A,N/A,baseline,3
Danger.mp4,TP,20260927T235011-91a49ed4de-0001,zone1,0,9.92,10.24,closed,10.24,8.0,10.0,2.08,threaded,3
Danger.mp4,TP,20260927T235011-91a49ed4de-0002,zone1,1,12.72,13.2,closed,13.2,12.0,13.0,0.8800000000000008,threaded,3
Danger.mp4,FP,20260927T235011-91a49ed4de-0003,zone1,N/A,53.72,54.2,closed,54.2,N/A,N/A,N/A,threaded,3
ThreeDanger.mp4,FN,N/A,zone1,0,N/A,N/A,N/A,N/A,10.0,11.0,N/A,optimized,3
ThreeDanger.mp4,FN,N/A,zone1,1,N/A,N/A,N/A,N/A,58.0,59.0,N/A,optimized,3
ThreeDanger.mp4,FN,N/A,zone1,0,N/A,N/A,N/A,N/A,10.0,11.0,N/A,baseline,3
ThreeDanger.mp4,FN,N/A,zone1,1,N/A,N/A,N/A,N/A,58.0,59.0,N/A,baseline,3
ThreeDanger.mp4,FN,N/A,zone1,0,N/A,N/A,N/A,N/A,10.0,11.0,N/A,threaded,3
ThreeDanger.mp4,FN,N/A,zone1,1,N/A,N/A,N/A,N/A,58.0,59.0,N/A,threaded,3
LeftBox.mp4,TP,20260927T235029-a9f747ab22-0001,zone1,0,1.4,2.04,closed,2.04,1.56,34.84,0.0,optimized,3
LeftBox.mp4,FP,20260927T235029-a9f747ab22-0002,zone1,N/A,21.96,23.96,closed,23.96,N/A,N/A,N/A,optimized,3
LeftBox.mp4,FP,20260927T235029-a9f747ab22-0003,zone1,N/A,24.84,29.36,closed,29.36,N/A,N/A,N/A,optimized,3
LeftBox.mp4,TP,20260927T235032-bc53e52d05-0001,zone1,0,1.4,2.04,closed,2.04,1.56,34.84,0.0,baseline,3
LeftBox.mp4,FP,20260927T235032-bc53e52d05-0002,zone1,N/A,21.96,23.96,closed,23.96,N/A,N/A,N/A,baseline,3
LeftBox.mp4,FP,20260927T235032-bc53e52d05-0003,zone1,N/A,24.84,29.36,closed,29.36,N/A,N/A,N/A,baseline,3
LeftBox.mp4,TP,20260927T235034-7ee25c00aa-0001,zone1,0,1.4,2.04,closed,2.04,1.56,34.84,0.0,threaded,3
LeftBox.mp4,FP,20260927T235034-7ee25c00aa-0002,zone1,N/A,21.96,23.96,closed,23.96,N/A,N/A,N/A,threaded,3
LeftBox.mp4,FP,20260927T235034-7ee25c00aa-0003,zone1,N/A,24.84,29.36,closed,29.36,N/A,N/A,N/A,threaded,3
long_stay.mp4,TP,20260927T235036-34d9ec71ae-0001,zone1,0,34.28,35.8,closed,35.8,34.44,76.12,0.0,optimized,3
long_stay.mp4,TP,20260927T235040-7c40333e06-0001,zone1,0,34.28,35.8,closed,35.8,34.44,76.12,0.0,baseline,3
long_stay.mp4,TP,20260927T235043-f36a1fe030-0001,zone1,0,34.28,35.8,closed,35.8,34.44,76.12,0.0,threaded,3
