run_id,video_name,mock,event_id,zone_name,start_time,alert_time,end_time,duration_seconds,video_path,pipeline_mode,status,occurred_at,alert_perf_counter,input_perf_counter,system_alert_delay_ms,scheduled_alert_delay_ms,onset_basis,truncated
20260927T234749-334a6625d2,Rest.mp4,False,20260927T234749-334a6625d2-0001,zone1,36.92,37.08,38.56,1.6400000000000006,/home/geonug/kdt-linux/team_project/team_project/outputs/experiments/batch-20260927T234749-1ed6c599/baseline/Rest-r1/runs/20260927T234749-334a6625d2/clips/20260927T234751_20260927T234749-334a6625d2-0001_538b4712.mp4,baseline,closed,2026-09-27T23:47:51.455073+00:00,602946.747811934,602946.744879032,2.9329019598662853,,first_observed_frame,True
20260927T234751-c31544c2ca,Rest.mp4,False,20260927T234751-c31544c2ca-0001,zone1,36.92,37.08,38.56,1.6400000000000006,/home/geonug/kdt-linux/team_project/team_project/outputs/experiments/batch-20260927T234749-1ed6c599/threaded/Rest-r1/runs/20260927T234751-c31544c2ca/clips/20260927T234753_20260927T234751-c31544c2ca-0001_dc1fcc36.mp4,threaded,closed,2026-09-27T23:47:53.601442+00:00,602948.894188556,602948.878189648,15.998907969333231,,first_observed_frame,True
20260927T234754-2e341b8cb4,Rest.mp4,False,20260927T234754-2e341b8cb4-0001,zone1,36.92,37.08,38.56,1.6400000000000006,/home/geonug/kdt-linux/team_project/team_project/outputs/experiments/batch-20260927T234749-1ed6c599/optimized/Rest-r1/runs/20260927T234754-2e341b8cb4/clips/20260927T234755_20260927T234754-2e341b8cb4-0001_ee3d4417.mp4,optimized,closed,2026-09-27T23:47:55.814101+00:00,602951.106847583,602951.088599563,18.24801997281611,,first_observed_frame,True
20260927T234756-738162908d,Browse.mp4,False,20260927T234756-738162908d-0001,zone1,1.64,1.8,3.24,1.6000000000000003,/home/geonug/kdt-linux/team_project/team_project/outputs/experiments/batch-20260927T234749-1ed6c599/baseline/Browse-r1/runs/20260927T234756-738162908d/clips/20260927T234756_20260927T234756-738162908d-0001_b5865f1e.mp4,baseline,closed,2026-09-27T23:47:56.594789+00:00,602951.887529181,602951.885237969,2.2912119748070836,,first_observed_frame,True
20260927T234756-738162908d,Browse.mp4,False,20260927T234756-738162908d-0002,zone1,37.2,37.36,37.84,0.6400000000000006,/home/geonug/kdt-linux/team_project/team_project/outputs/experiments/batch-20260927T234749-1ed6c599/baseline/Browse-r1/runs/20260927T234756-738162908d/clips/20260927T234758_20260927T234756-738162908d-0002_87552292.mp4,baseline,closed,2026-09-27T23:47:58.656614+00:00,602953.949313126,602953.945263323,4.049803013913333,,first_observed_frame,True
20260927T234756-738162908d,Browse.mp4,False,20260927T234756-738162908d-0003,zone1,39.92,40.08,,,/home/geonug/kdt-linux/team_project/team_project/outputs/experiments/batch-20260927T234749-1ed6c599/baseline/Browse-r1/runs/20260927T234756-738162908d/clips/20260927T234758_20260927T234756-738162908d-0003_4a5a54bc.mp4,baseline,open_at_eof,2026-09-27T23:47:58.893438+00:00,602954.186184083,602954.184748387,1.4356960309669375,,first_observed_frame,True
20260927T234759-752bcf6327,Browse.mp4,False,20260927T234759-752bcf6327-0001,zone1,1.64,1.8,3.24,1.6000000000000003,/home/geonug/kdt-linux/team_project/team_project/outputs/experiments/batch-20260927T234749-1ed6c599/threaded/Browse-r1/runs/20260927T234759-752bcf6327/clips/20260927T234759_20260927T234759-752bcf6327-0001_872ee8af.mp4,threaded,closed,2026-09-27T23:47:59.476663+00:00,602954.769409612,602954.748802904,20.606708014383912,,first_observed_frame,True
20260927T234759-752bcf6327,Browse.mp4,False,20260927T234759-752bcf6327-0002,zone1,37.2,37.36,37.84,0.6400000000000006,/home/geonug/kdt-linux/team_project/team_project/outputs/experiments/batch-20260927T234749-1ed6c599/threaded/Browse-r1/runs/20260927T234759-752bcf6327/clips/20260927T234801_20260927T234759-752bcf6327-0002_96dfcc36.mp4,threaded,closed,2026-09-27T23:48:01.258858+00:00,602956.551583434,602956.535950849,15.632585040293634,,first_observed_frame,True
20260927T234759-752bcf6327,Browse.mp4,False,20260927T234759-752bcf6327-0003,zone1,39.92,40.08,,,/home/geonug/kdt-linux/team_project/team_project/outputs/experiments/batch-20260927T234749-1ed6c599/threaded/Browse-r1/runs/20260927T234759-752bcf6327/clips/20260927T234801_20260927T234759-752bcf6327-0003_6cbb3a03.mp4,threaded,open_at_eof,2026-09-27T23:48:01.493591+00:00,602956.78633765,602956.762902894,23.434755974449217,,first_observed_frame,True
20260927T234802-7d63279ea4,Browse.mp4,False,20260927T234802-7d63279ea4-0001,zone1,1.64,1.8,3.24,1.6000000000000003,/home/geonug/kdt-linux/team_project/team_project/outputs/experiments/batch-20260927T234749-1ed6c599/optimized/Browse-r1/runs/20260927T234802-7d63279ea4/clips/20260927T234802_20260927T234802-7d63279ea4-0001_bdef34d0.mp4,optimized,closed,2026-09-27T23:48:02.130763+00:00,602957.423504643,602957.403496591,20.008052000775933,,first_observed_frame,True
20260927T234802-7d63279ea4,Browse.mp4,False,20260927T234802-7d63279ea4-0002,zone1,37.2,37.36,37.84,0.6400000000000006,/home/geonug/kdt-linux/team_project/team_project/outputs/experiments/batch-20260927T234749-1ed6c599/optimized/Browse-r1/runs/20260927T234802-7d63279ea4/clips/20260927T234804_20260927T234802-7d63279ea4-0002_8b74888c.mp4,optimized,closed,2026-09-27T23:48:04.001753+00:00,602959.294490654,602959.27694648,17.544173984788358,,first_observed_frame,True
20260927T234802-7d63279ea4,Browse.mp4,False,20260927T234802-7d63279ea4-0003,zone1,39.92,40.08,,,/home/geonug/kdt-linux/team_project/team_project/outputs/experiments/batch-20260927T234749-1ed6c599/optimized/Browse-r1/runs/20260927T234802-7d63279ea4/clips/20260927T234804_20260927T234802-7d63279ea4-0003_40c62eb0.mp4,optimized,open_at_eof,2026-09-27T23:48:04.224267+00:00,602959.517011034,602959.49272428,24.286753963679075,,first_observed_frame,True
20260927T234804-194f02748d,Danger.mp4,False,20260927T234804-194f02748d-0001,zone1,9.92,10.08,10.24,0.3200000000000003,/home/geonug/kdt-linux/team_project/team_project/outputs/experiments/batch-20260927T234749-1ed6c599/baseline/Danger-r1/runs/20260927T234804-194f02748d/clips/20260927T234805_20260927T234804-194f02748d-0001_0b5de653.mp4,baseline,closed,2026-09-27T23:48:05.282312+00:00,602960.575057538,602960.573907468,1.1500699911266565,,first_observed_frame,False
20260927T234804-194f02748d,Danger.mp4,False,20260927T234804-194f02748d-0002,zone1,12.72,12.88,13.2,0.47999999999999865,/home/geonug/kdt-linux/team_project/team_project/outputs/experiments/batch-20260927T234749-1ed6c599/baseline/Danger-r1/runs/20260927T234804-194f02748d/clips/20260927T234805_20260927T234804-194f02748d-0002_2932b68e.mp4,baseline,closed,2026-09-27T23:48:05.517205+00:00,602960.809951131,602960.808773728,1.1774030281230807,,first_observed_frame,False
20260927T234804-194f02748d,Danger.mp4,False,20260927T234804-194f02748d-0003,zone1,53.72,53.88,54.2,0.480000000000004,/home/geonug/kdt-linux/team_project/team_project/outputs/experiments/batch-20260927T234749-1ed6c599/baseline/Danger-r1/runs/20260927T234804-194f02748d/clips/20260927T234807_20260927T234804-194f02748d-0003_35b19904.mp4,baseline,closed,2026-09-27T23:48:07.515904+00:00,602962.808649689,602962.807502008,1.1476809158921242,,first_observed_frame,False
20260927T234808-34ca6d85e0,Danger.mp4,False,20260927T234808-34ca6d85e0-0001,zone1,9.92,10.08,10.24,0.3200000000000003,/home/geonug/kdt-linux/team_project/team_project/outputs/experiments/batch-20260927T234749-1ed6c599/threaded/Danger-r1/runs/20260927T234808-34ca6d85e0/clips/20260927T234808_20260927T234808-34ca6d85e0-0001_6f29f3b2.mp4,threaded,closed,2026-09-27T23:48:08.747616+00:00,602964.040358022,602964.016945497,23.41252495534718,,first_observed_frame,False
20260927T234808-34ca6d85e0,Danger.mp4,False,20260927T234808-34ca6d85e0-0002,zone1,12.72,12.88,13.2,0.47999999999999865,/home/geonug/kdt-linux/team_project/team_project/outputs/experiments/batch-20260927T234749-1ed6c599/threaded/Danger-r1/runs/20260927T234808-34ca6d85e0/clips/20260927T234809_20260927T234808-34ca6d85e0-0002_ae2058c9.mp4,threaded,closed,2026-09-27T23:48:09.000863+00:00,602964.293608764,602964.26081901,32.789753982797265,,first_observed_frame,False
20260927T234808-34ca6d85e0,Danger.mp4,False,20260927T234808-34ca6d85e0-0003,zone1,53.72,53.88,54.2,0.480000000000004,/home/geonug/kdt-linux/team_project/team_project/outputs/experiments/batch-20260927T234749-1ed6c599/threaded/Danger-r1/runs/20260927T234808-34ca6d85e0/clips/20260927T234811_20260927T234808-34ca6d85e0-0003_656154b2.mp4,threaded,closed,2026-09-27T23:48:11.313932+00:00,602966.606676193,602966.588561046,18.11514690052718,,first_observed_frame,False
20260927T234812-1671e87799,Danger.mp4,False,20260927T234812-1671e87799-0001,zone1,9.92,10.08,10.24,0.3200000000000003,/home/geonug/kdt-linux/team_project/team_project/outputs/experiments/batch-20260927T234749-1ed6c599/optimized/Danger-r1/runs/20260927T234812-1671e87799/clips/20260927T234812_20260927T234812-1671e87799-0001_724c23ec.mp4,optimized,closed,2026-09-27T23:48:12.553322+00:00,602967.846044896,602967.820092685,25.95221099909395,,first_observed_frame,False
20260927T234812-1671e87799,Danger.mp4,False,20260927T234812-1671e87799-0002,zone1,12.72,12.88,13.2,0.47999999999999865,/home/geonug/kdt-linux/team_project/team_project/outputs/experiments/batch-20260927T234749-1ed6c599/optimized/Danger-r1/runs/20260927T234812-1671e87799/clips/20260927T234812_20260927T234812-1671e87799-0002_2d118fed.mp4,optimized,closed,2026-09-27T23:48:12.766988+00:00,602968.059733085,602968.039412445,20.320639945566654,,first_observed_frame,False
20260927T234812-1671e87799,Danger.mp4,False,20260927T234812-1671e87799-0003,zone1,53.72,53.88,54.2,0.480000000000004,/home/geonug/kdt-linux/team_project/team_project/outputs/experiments/batch-20260927T234749-1ed6c599/optimized/Danger-r1/runs/20260927T234812-1671e87799/clips/20260927T234814_20260927T234812-1671e87799-0003_702522d3.mp4,optimized,closed,2026-09-27T23:48:14.509761+00:00,602969.802507196,602969.787003619,15.503576956689358,,first_observed_frame,False
20260927T234829-1fa113bf06,LeftBox.mp4,False,20260927T234829-1fa113bf06-0001,zone1,1.4,1.56,2.04,0.6400000000000001,/home/geonug/kdt-linux/team_project/team_project/outputs/experiments/batch-20260927T234749-1ed6c599/baseline/LeftBox-r1/runs/20260927T234829-1fa113bf06/clips/20260927T234829_20260927T234829-1fa113bf06-0001_645b86b6.mp4,baseline,closed,2026-09-27T23:48:29.667409+00:00,602984.9601554,602984.958813416,1.3419840252026916,,first_observed_frame,True
20260927T234829-1fa113bf06,LeftBox.mp4,False,20260927T234829-1fa113bf06-0002,zone1,21.96,22.12,23.96,2.0,/home/geonug/kdt-linux/team_project/team_project/outputs/experiments/batch-20260927T234749-1ed6c599/baseline/LeftBox-r1/runs/20260927T234829-1fa113bf06/clips/20260927T234830_20260927T234829-1fa113bf06-0002_06399e25.mp4,baseline,closed,2026-09-27T23:48:30.712867+00:00,602986.005613689,602986.004577722,1.0359669104218483,,first_observed_frame,False
20260927T234829-1fa113bf06,LeftBox.mp4,False,20260927T234829-1fa113bf06-0003,zone1,24.84,25.0,29.36,4.52,/home/geonug/kdt-linux/team_project/team_project/outputs/experiments/batch-20260927T234749-1ed6c599/baseline/LeftBox-r1/runs/20260927T234829-1fa113bf06/clips/20260927T234830_20260927T234829-1fa113bf06-0003_85ec4936.mp4,baseline,closed,2026-09-27T23:48:30.946874+00:00,602986.239620705,602986.23851683,1.1038749944418669,,first_observed_frame,False
20260927T234831-d5275804eb,LeftBox.mp4,False,20260927T234831-d5275804eb-0001,zone1,1.4,1.56,2.04,0.6400000000000001,/home/geonug/kdt-linux/team_project/team_project/outputs/experiments/batch-20260927T234749-1ed6c599/threaded/LeftBox-r1/runs/20260927T234831-d5275804eb/clips/20260927T234832_20260927T234831-d5275804eb-0001_70e88a10.mp4,threaded,closed,2026-09-27T23:48:32.030497+00:00,602987.323243076,602987.305076879,18.16619699820876,,first_observed_frame,True
20260927T234831-d5275804eb,LeftBox.mp4,False,20260927T234831-d5275804eb-0002,zone1,21.96,22.12,23.96,2.0,/home/geonug/kdt-linux/team_project/team_project/outputs/experiments/batch-20260927T234749-1ed6c599/threaded/LeftBox-r1/runs/20260927T234831-d5275804eb/clips/20260927T234833_20260927T234831-d5275804eb-0002_ec55eca5.mp4,threaded,closed,2026-09-27T23:48:33.038536+00:00,602988.331263499,602988.311479854,19.783644936978817,,first_observed_frame,False
20260927T234831-d5275804eb,LeftBox.mp4,False,20260927T234831-d5275804eb-0003,zone1,24.84,25.0,29.36,4.52,/home/geonug/kdt-linux/team_project/team_project/outputs/experiments/batch-20260927T234749-1ed6c599/threaded/LeftBox-r1/runs/20260927T234831-d5275804eb/clips/20260927T234833_20260927T234831-d5275804eb-0003_ed85bb9f.mp4,threaded,closed,2026-09-27T23:48:33.279933+00:00,602988.572678567,602988.551306079,21.37248800136149,,first_observed_frame,False
20260927T234834-f2361dda80,LeftBox.mp4,False,20260927T234834-f2361dda80-0001,zone1,1.4,1.56,2.04,0.6400000000000001,/home/geonug/kdt-linux/team_project/team_project/outputs/experiments/batch-20260927T234749-1ed6c599/optimized/LeftBox-r1/runs/20260927T234834-f2361dda80/clips/20260927T234834_20260927T234834-f2361dda80-0001_6b43e776.mp4,optimized,closed,2026-09-27T23:48:34.554447+00:00,602989.847164002,602989.824720952,22.443050052970648,,first_observed_frame,True
20260927T234834-f2361dda80,LeftBox.mp4,False,20260927T234834-f2361dda80-0002,zone1,21.96,22.12,23.96,2.0,/home/geonug/kdt-linux/team_project/team_project/outputs/experiments/batch-20260927T234749-1ed6c599/optimized/LeftBox-r1/runs/20260927T234834-f2361dda80/clips/20260927T234835_20260927T234834-f2361dda80-0002_099fb1f5.mp4,optimized,closed,2026-09-27T23:48:35.660746+00:00,602990.95346585,602990.938034876,15.43097395915538,,first_observed_frame,False
20260927T234834-f2361dda80,LeftBox.mp4,False,20260927T234834-f2361dda80-0003,zone1,24.84,25.0,29.36,4.52,/home/geonug/kdt-linux/team_project/team_project/outputs/experiments/batch-20260927T234749-1ed6c599/optimized/LeftBox-r1/runs/20260927T234834-f2361dda80/clips/20260927T234835_20260927T234834-f2361dda80-0003_38e9d44a.mp4,optimized,closed,2026-09-27T23:48:35.905684+00:00,602991.198411851,602991.172214708,26.197142899036407,,first_observed_frame,False
20260927T234836-a12b0de3e8,long_stay.mp4,False,20260927T234836-a12b0de3e8-0001,zone1,34.28,34.44,35.8,1.519999999999996,/home/geonug/kdt-linux/team_project/team_project/outputs/experiments/batch-20260927T234749-1ed6c599/baseline/long_stay-r1/runs/20260927T234836-a12b0de3e8/clips/20260927T234838_20260927T234836-a12b0de3e8-0001_446b84a8.mp4,baseline,closed,2026-09-27T23:48:38.531919+00:00,602993.824664729,602993.823667983,0.9967460064217448,,first_observed_frame,False
20260927T234840-142c2a7a96,long_stay.mp4,False,20260927T234840-142c2a7a96-0001,zone1,34.28,34.44,35.8,1.519999999999996,/home/geonug/kdt-linux/team_project/team_project/outputs/experiments/batch-20260927T234749-1ed6c599/threaded/long_stay-r1/runs/20260927T234840-142c2a7a96/clips/20260927T234842_20260927T234840-142c2a7a96-0001_985db127.mp4,threaded,closed,2026-09-27T23:48:42.564582+00:00,602997.857326122,602997.842701472,14.624650008045137,,first_observed_frame,False
20260927T234844-403f1daa32,long_stay.mp4,False,20260927T234844-403f1daa32-0001,zone1,34.28,34.44,35.8,1.519999999999996,/home/geonug/kdt-linux/team_project/team_project/outputs/experiments/batch-20260927T234749-1ed6c599/optimized/long_stay-r1/runs/20260927T234844-403f1daa32/clips/20260927T234846_20260927T234844-403f1daa32-0001_13a4f0d5.mp4,optimized,closed,2026-09-27T23:48:46.097134+00:00,603001.389874041,603001.36922301,20.651030936278403,,first_observed_frame,False
20260927T234848-d6e52e6cc6,Rest.mp4,False,20260927T234848-d6e52e6cc6-0001,zone1,36.92,37.08,38.56,1.6400000000000006,/home/geonug/kdt-linux/team_project/team_project/outputs/experiments/batch-20260927T234749-1ed6c599/threaded/Rest-r2/runs/20260927T234848-d6e52e6cc6/clips/20260927T234849_20260927T234848-d6e52e6cc6-0001_7243da08.mp4,threaded,closed,2026-09-27T23:48:49.733165+00:00,603005.025907257,603005.013035984,12.871272978372872,,first_observed_frame,True
20260927T234850-52a07d03a3,Rest.mp4,False,20260927T234850-52a07d03a3-0001,zone1,36.92,37.08,38.56,1.6400000000000006,/home/geonug/kdt-linux/team_project/team_project/outputs/experiments/batch-20260927T234749-1ed6c599/optimized/Rest-r2/runs/20260927T234850-52a07d03a3/clips/20260927T234852_20260927T234850-52a07d03a3-0001_bc385df5.mp4,optimized,closed,2026-09-27T23:48:52.088618+00:00,603007.381349229,603007.36769774,13.651489047333598,,first_observed_frame,True
20260927T234852-cd7f59dea2,Rest.mp4,False,20260927T234852-cd7f59dea2-0001,zone1,36.92,37.08,38.56,1.6400000000000006,/home/geonug/kdt-linux/team_project/team_project/outputs/experiments/batch-20260927T234749-1ed6c599/baseline/Rest-r2/runs/20260927T234852-cd7f59dea2/clips/20260927T234854_20260927T234852-cd7f59dea2-0001_c3917269.mp4,baseline,closed,2026-09-27T23:48:54.332818+00:00,603009.625561692,603009.624427497,1.1341950157657266,,first_observed_frame,True
20260927T234854-4ae2b20c84,Browse.mp4,False,20260927T234854-4ae2b20c84-0001,zone1,1.64,1.8,3.24,1.6000000000000003,/home/geonug/kdt-linux/team_project/team_project/outputs/experiments/batch-20260927T234749-1ed6c599/threaded/Browse-r2/runs/20260927T234854-4ae2b20c84/clips/20260927T234854_20260927T234854-4ae2b20c84-0001_5a97d52b.mp4,threaded,closed,2026-09-27T23:48:54.998473+00:00,603010.291217945,603010.271847091,19.370854017324746,,first_observed_frame,True
20260927T234854-4ae2b20c84,Browse.mp4,False,20260927T234854-4ae2b20c84-0002,zone1,37.2,37.36,37.84,0.6400000000000006,/home/geonug/kdt-linux/team_project/team_project/outputs/experiments/batch-20260927T234749-1ed6c599/threaded/Browse-r2/runs/20260927T234854-4ae2b20c84/clips/20260927T234856_20260927T234854-4ae2b20c84-0002_29aac9ac.mp4,threaded,closed,2026-09-27T23:48:56.809855+00:00,603012.102576055,603012.073235017,29.3410379672423,,first_observed_frame,True
20260927T234854-4ae2b20c84,Browse.mp4,False,20260927T234854-4ae2b20c84-0003,zone1,39.92,40.08,,,/home/geonug/kdt-linux/team_project/team_project/outputs/experiments/batch-20260927T234749-1ed6c599/threaded/Browse-r2/runs/20260927T234854-4ae2b20c84/clips/20260927T234857_20260927T234854-4ae2b20c84-0003_8f1e05dd.mp4,threaded,open_at_eof,2026-09-27T23:48:57.076394+00:00,603012.369138623,603012.341441204,27.697419049218297,,first_observed_frame,True
20260927T234857-3486ba1610,Browse.mp4,False,20260927T234857-3486ba1610-0001,zone1,1.64,1.8,3.24,1.6000000000000003,/home/geonug/kdt-linux/team_project/team_project/outputs/experiments/batch-20260927T234749-1ed6c599/optimized/Browse-r2/runs/20260927T234857-3486ba1610/clips/20260927T234857_20260927T234857-3486ba1610-0001_5f9e36fd.mp4,optimized,closed,2026-09-27T23:48:57.761864+00:00,603013.054609082,603013.036524082,18.085000105202198,,first_observed_frame,True
20260927T234857-3486ba1610,Browse.mp4,False,20260927T234857-3486ba1610-0002,zone1,37.2,37.36,37.84,0.6400000000000006,/home/geonug/kdt-linux/team_project/team_project/outputs/experiments/batch-20260927T234749-1ed6c599/optimized/Browse-r2/runs/20260927T234857-3486ba1610/clips/20260927T234859_20260927T234857-3486ba1610-0002_5f56e2dc.mp4,optimized,closed,2026-09-27T23:48:59.481450+00:00,603014.77419565,603014.759733521,14.462128980085254,,first_observed_frame,True
20260927T234857-3486ba1610,Browse.mp4,False,20260927T234857-3486ba1610-0003,zone1,39.92,40.08,,,/home/geonug/kdt-linux/team_project/team_project/outputs/experiments/batch-20260927T234749-1ed6c599/optimized/Browse-r2/runs/20260927T234857-3486ba1610/clips/20260927T234859_20260927T234857-3486ba1610-0003_200babc2.mp4,optimized,open_at_eof,2026-09-27T23:48:59.716948+00:00,603015.009692446,603014.98760515,22.08729600533843,,first_observed_frame,True
20260927T234900-e35a65eef1,Browse.mp4,False,20260927T234900-e35a65eef1-0001,zone1,1.64,1.8,3.24,1.6000000000000003,/home/geonug/kdt-linux/team_project/team_project/outputs/experiments/batch-20260927T234749-1ed6c599/baseline/Browse-r2/runs/20260927T234900-e35a65eef1/clips/20260927T234900_20260927T234900-e35a65eef1-0001_8c34fb92.mp4,baseline,closed,2026-09-27T23:49:00.342030+00:00,603015.634772748,603015.63332681,1.4459380181506276,,first_observed_frame,True
20260927T234900-e35a65eef1,Browse.mp4,False,20260927T234900-e35a65eef1-0002,zone1,37.2,37.36,37.84,0.6400000000000006,/home/geonug/kdt-linux/team_project/team_project/outputs/experiments/batch-20260927T234749-1ed6c599/baseline/Browse-r2/runs/20260927T234900-e35a65eef1/clips/20260927T234902_20260927T234900-e35a65eef1-0002_ccf4e702.mp4,baseline,closed,2026-09-27T23:49:02.064193+00:00,603017.356939777,603017.355849121,1.0906560346484184,,first_observed_frame,True
20260927T234900-e35a65eef1,Browse.mp4,False,20260927T234900-e35a65eef1-0003,zone1,39.92,40.08,,,/home/geonug/kdt-linux/team_project/team_project/outputs/experiments/batch-20260927T234749-1ed6c599/baseline/Browse-r2/runs/20260927T234900-e35a65eef1/clips/20260927T234902_20260927T234900-e35a65eef1-0003_eae8bb61.mp4,baseline,open_at_eof,2026-09-27T23:49:02.298739+00:00,603017.591483351,603017.590432534,1.050816965289414,,first_observed_frame,True
20260927T234902-6cf7fe6047,Danger.mp4,False,20260927T234902-6cf7fe6047-0001,zone1,9.92,10.08,10.24,0.3200000000000003,/home/geonug/kdt-linux/team_project/team_project/outputs/experiments/batch-20260927T234749-1ed6c599/threaded/Danger-r2/runs/20260927T234902-6cf7fe6047/clips/20260927T234903_20260927T234902-6cf7fe6047-0001_63ff1eba.mp4,threaded,closed,2026-09-27T23:49:03.246550+00:00,603018.539295037,603018.522997635,16.297402093186975,,first_observed_frame,False
20260927T234902-6cf7fe6047,Danger.mp4,False,20260927T234902-6cf7fe6047-0002,zone1,12.72,12.88,13.2,0.47999999999999865,/home/geonug/kdt-linux/team_project/team_project/outputs/experiments/batch-20260927T234749-1ed6c599/threaded/Danger-r2/runs/20260927T234902-6cf7fe6047/clips/20260927T234903_20260927T234902-6cf7fe6047-0002_52c04e7e.mp4,threaded,closed,2026-09-27T23:49:03.457216+00:00,603018.749959745,603018.724891637,25.06810799241066,,first_observed_frame,False
20260927T234902-6cf7fe6047,Danger.mp4,False,20260927T234902-6cf7fe6047-0003,zone1,53.72,53.88,54.2,0.480000000000004,/home/geonug/kdt-linux/team_project/team_project/outputs/experiments/batch-20260927T234749-1ed6c599/threaded/Danger-r2/runs/20260927T234902-6cf7fe6047/clips/20260927T234905_20260927T234902-6cf7fe6047-0003_5e0d6cd8.mp4,threaded,closed,2026-09-27T23:49:05.448024+00:00,603020.740768303,603020.725737529,15.030774055048823,,first_observed_frame,False
20260927T234906-e9be861ae0,Danger.mp4,False,20260927T234906-e9be861ae0-0001,zone1,9.92,10.08,10.24,0.3200000000000003,/home/geonug/kdt-linux/team_project/team_project/outputs/experiments/batch-20260927T234749-1ed6c599/optimized/Danger-r2/runs/20260927T234906-e9be861ae0/clips/20260927T234906_20260927T234906-e9be861ae0-0001_9e50f8bd.mp4,optimized,closed,2026-09-27T23:49:06.687444+00:00,603021.980185093,603021.963731493,16.453600022941828,,first_observed_frame,False
20260927T234906-e9be861ae0,Danger.mp4,False,20260927T234906-e9be861ae0-0002,zone1,12.72,12.88,13.2,0.47999999999999865,/home/geonug/kdt-linux/team_project/team_project/outputs/experiments/batch-20260927T234749-1ed6c599/optimized/Danger-r2/runs/20260927T234906-e9be861ae0/clips/20260927T234906_20260927T234906-e9be861ae0-0002_27f1d01e.mp4,optimized,closed,2026-09-27T23:49:06.914698+00:00,603022.207441903,603022.186952324,20.489578950218856,,first_observed_frame,False
20260927T234906-e9be861ae0,Danger.mp4,False,20260927T234906-e9be861ae0-0003,zone1,53.72,53.88,54.2,0.480000000000004,/home/geonug/kdt-linux/team_project/team_project/outputs/experiments/batch-20260927T234749-1ed6c599/optimized/Danger-r2/runs/20260927T234906-e9be861ae0/clips/20260927T234908_20260927T234906-e9be861ae0-0003_b29332c5.mp4,optimized,closed,2026-09-27T23:49:08.733398+00:00,603024.026142561,603024.009972696,16.169865033589303,,first_observed_frame,False
20260927T234909-1c1d9a555f,Danger.mp4,False,20260927T234909-1c1d9a555f-0001,zone1,9.92,10.08,10.24,0.3200000000000003,/home/geonug/kdt-linux/team_project/team_project/outputs/experiments/batch-20260927T234749-1ed6c599/baseline/Danger-r2/runs/20260927T234909-1c1d9a555f/clips/20260927T234909_20260927T234909-1c1d9a555f-0001_0c75a147.mp4,baseline,closed,2026-09-27T23:49:09.916720+00:00,603025.209461721,603025.207955508,1.5062129823490977,,first_observed_frame,False
20260927T234909-1c1d9a555f,Danger.mp4,False,20260927T234909-1c1d9a555f-0002,zone1,12.72,12.88,13.2,0.47999999999999865,/home/geonug/kdt-linux/team_project/team_project/outputs/experiments/batch-20260927T234749-1ed6c599/baseline/Danger-r2/runs/20260927T234909-1c1d9a555f/clips/20260927T234910_20260927T234909-1c1d9a555f-0002_7c1bbfbc.mp4,baseline,closed,2026-09-27T23:49:10.126552+00:00,603025.419297843,603025.41800833,1.28951296210289,,first_observed_frame,False
20260927T234909-1c1d9a555f,Danger.mp4,False,20260927T234909-1c1d9a555f-0003,zone1,53.72,53.88,54.2,0.480000000000004,/home/geonug/kdt-linux/team_project/team_project/outputs/experiments/batch-20260927T234749-1ed6c599/baseline/Danger-r2/runs/20260927T234909-1c1d9a555f/clips/20260927T234911_20260927T234909-1c1d9a555f-0003_ec600fce.mp4,baseline,closed,2026-09-27T23:49:11.941165+00:00,603027.233907971,603027.231672422,2.2355489199981093,,first_observed_frame,False
20260927T234930-796ae18fee,LeftBox.mp4,False,20260927T234930-796ae18fee-0001,zone1,1.4,1.56,2.04,0.6400000000000001,/home/geonug/kdt-linux/team_project/team_project/outputs/experiments/batch-20260927T234749-1ed6c599/threaded/LeftBox-r2/runs/20260927T234930-796ae18fee/clips/20260927T234930_20260927T234930-796ae18fee-0001_cf2c0967.mp4,threaded,closed,2026-09-27T23:49:30.867866+00:00,603046.160588718,603046.13644623,24.142488022334874,,first_observed_frame,True
20260927T234930-796ae18fee,LeftBox.mp4,False,20260927T234930-796ae18fee-0002,zone1,21.96,22.12,23.96,2.0,/home/geonug/kdt-linux/team_project/team_project/outputs/experiments/batch-20260927T234749-1ed6c599/threaded/LeftBox-r2/runs/20260927T234930-796ae18fee/clips/20260927T234932_20260927T234930-796ae18fee-0002_f4d70e77.mp4,threaded,closed,2026-09-27T23:49:32.196572+00:00,603047.489300852,603047.471484302,17.816549981944263,,first_observed_frame,False
20260927T234930-796ae18fee,LeftBox.mp4,False,20260927T234930-796ae18fee-0003,zone1,24.84,25.0,29.36,4.52,/home/geonug/kdt-linux/team_project/team_project/outputs/experiments/batch-20260927T234749-1ed6c599/threaded/LeftBox-r2/runs/20260927T234930-796ae18fee/clips/20260927T234932_20260927T234930-796ae18fee-0003_9e87c8f3.mp4,threaded,closed,2026-09-27T23:49:32.510574+00:00,603047.803315711,603047.773593125,29.722585924901068,,first_observed_frame,False
20260927T234933-870245b060,LeftBox.mp4,False,20260927T234933-870245b060-0001,zone1,1.4,1.56,2.04,0.6400000000000001,/home/geonug/kdt-linux/team_project/team_project/outputs/experiments/batch-20260927T234749-1ed6c599/optimized/LeftBox-r2/runs/20260927T234933-870245b060/clips/20260927T234933_20260927T234933-870245b060-0001_d714457c.mp4,optimized,closed,2026-09-27T23:49:33.893144+00:00,603049.185881965,603049.159835997,26.04596794117242,,first_observed_frame,True
20260927T234933-870245b060,LeftBox.mp4,False,20260927T234933-870245b060-0002,zone1,21.96,22.12,23.96,2.0,/home/geonug/kdt-linux/team_project/team_project/outputs/experiments/batch-20260927T234749-1ed6c599/optimized/LeftBox-r2/runs/20260927T234933-870245b060/clips/20260927T234935_20260927T234933-870245b060-0002_49c5df45.mp4,optimized,closed,2026-09-27T23:49:35.427908+00:00,603050.720651508,603050.697820717,22.830790956504643,,first_observed_frame,False
20260927T234933-870245b060,LeftBox.mp4,False,20260927T234933-870245b060-0003,zone1,24.84,25.0,29.36,4.52,/home/geonug/kdt-linux/team_project/team_project/outputs/experiments/batch-20260927T234749-1ed6c599/optimized/LeftBox-r2/runs/20260927T234933-870245b060/clips/20260927T234935_20260927T234933-870245b060-0003_6c7af383.mp4,optimized,closed,2026-09-27T23:49:35.671349+00:00,603050.964087525,603050.937149252,26.938272989355028,,first_observed_frame,False
20260927T234936-b2400a5259,LeftBox.mp4,False,20260927T234936-b2400a5259-0001,zone1,1.4,1.56,2.04,0.6400000000000001,/home/geonug/kdt-linux/team_project/team_project/outputs/experiments/batch-20260927T234749-1ed6c599/baseline/LeftBox-r2/runs/20260927T234936-b2400a5259/clips/20260927T234936_20260927T234936-b2400a5259-0001_70047ceb.mp4,baseline,closed,2026-09-27T23:49:36.893744+00:00,603052.18648918,603052.184975254,1.5139259630814195,,first_observed_frame,True
20260927T234936-b2400a5259,LeftBox.mp4,False,20260927T234936-b2400a5259-0002,zone1,21.96,22.12,23.96,2.0,/home/geonug/kdt-linux/team_project/team_project/outputs/experiments/batch-20260927T234749-1ed6c599/baseline/LeftBox-r2/runs/20260927T234936-b2400a5259/clips/20260927T234937_20260927T234936-b2400a5259-0002_ec8e2c70.mp4,baseline,closed,2026-09-27T23:49:37.960705+00:00,603053.253449941,603053.252379936,1.0700050042942166,,first_observed_frame,False
20260927T234936-b2400a5259,LeftBox.mp4,False,20260927T234936-b2400a5259-0003,zone1,24.84,25.0,29.36,4.52,/home/geonug/kdt-linux/team_project/team_project/outputs/experiments/batch-20260927T234749-1ed6c599/baseline/LeftBox-r2/runs/20260927T234936-b2400a5259/clips/20260927T234938_20260927T234936-b2400a5259-0003_cf9d4da9.mp4,baseline,closed,2026-09-27T23:49:38.204372+00:00,603053.497107301,603053.494960153,2.1471480140462518,,first_observed_frame,False
20260927T234939-d3ef9ef964,long_stay.mp4,False,20260927T234939-d3ef9ef964-0001,zone1,34.28,34.44,35.8,1.519999999999996,/home/geonug/kdt-linux/team_project/team_project/outputs/experiments/batch-20260927T234749-1ed6c599/threaded/long_stay-r2/runs/20260927T234939-d3ef9ef964/clips/20260927T234940_20260927T234939-d3ef9ef964-0001_aa3e4c08.mp4,threaded,closed,2026-09-27T23:49:40.656962+00:00,603055.949701792,603055.934763018,14.938773936592042,,first_observed_frame,False
20260927T234942-34b3361189,long_stay.mp4,False,20260927T234942-34b3361189-0001,zone1,34.28,34.44,35.8,1.519999999999996,/home/geonug/kdt-linux/team_project/team_project/outputs/experiments/batch-20260927T234749-1ed6c599/optimized/long_stay-r2/runs/20260927T234942-34b3361189/clips/20260927T234944_20260927T234942-34b3361189-0001_31ee0e04.mp4,optimized,closed,2026-09-27T23:49:44.482547+00:00,603059.775293089,603059.762844087,12.449002009816468,,first_observed_frame,False
20260927T234946-62dc740f42,long_stay.mp4,False,20260927T234946-62dc740f42-0001,zone1,34.28,34.44,35.8,1.519999999999996,/home/geonug/kdt-linux/team_project/team_project/outputs/experiments/batch-20260927T234749-1ed6c599/baseline/long_stay-r2/runs/20260927T234946-62dc740f42/clips/20260927T234948_20260927T234946-62dc740f42-0001_d7a81ab5.mp4,baseline,closed,2026-09-27T23:49:48.030973+00:00,603063.323716153,603063.322656166,1.0599870001897216,,first_observed_frame,False
20260927T234950-10e35cc83d,Rest.mp4,False,20260927T234950-10e35cc83d-0001,zone1,36.92,37.08,38.56,1.6400000000000006,/home/geonug/kdt-linux/team_project/team_project/outputs/experiments/batch-20260927T234749-1ed6c599/optimized/Rest-r3/runs/20260927T234950-10e35cc83d/clips/20260927T234951_20260927T234950-10e35cc83d-0001_d103c4ec.mp4,optimized,closed,2026-09-27T23:49:51.868716+00:00,603067.161457266,603067.148461454,12.995811994187534,,first_observed_frame,True
20260927T234952-58e0a8507a,Rest.mp4,False,20260927T234952-58e0a8507a-0001,zone1,36.92,37.08,38.56,1.6400000000000006,/home/geonug/kdt-linux/team_project/team_project/outputs/experiments/batch-20260927T234749-1ed6c599/baseline/Rest-r3/runs/20260927T234952-58e0a8507a/clips/20260927T234953_20260927T234952-58e0a8507a-0001_7d416490.mp4,baseline,closed,2026-09-27T23:49:53.937089+00:00,603069.229813793,603069.227066632,2.7471609646454453,,first_observed_frame,True
20260927T234954-9b3a8f2545,Rest.mp4,False,20260927T234954-9b3a8f2545-0001,zone1,36.92,37.08,38.56,1.6400000000000006,/home/geonug/kdt-linux/team_project/team_project/outputs/experiments/batch-20260927T234749-1ed6c599/threaded/Rest-r3/runs/20260927T234954-9b3a8f2545/clips/20260927T234956_20260927T234954-9b3a8f2545-0001_d6959d9d.mp4,threaded,closed,2026-09-27T23:49:56.099090+00:00,603071.391833656,603071.373572304,18.261351971887052,,first_observed_frame,True
20260927T234956-6e4bee93a2,Browse.mp4,False,20260927T234956-6e4bee93a2-0001,zone1,1.64,1.8,3.24,1.6000000000000003,/home/geonug/kdt-linux/team_project/team_project/outputs/experiments/batch-20260927T234749-1ed6c599/optimized/Browse-r3/runs/20260927T234956-6e4bee93a2/clips/20260927T234956_20260927T234956-6e4bee93a2-0001_1f9787e1.mp4,optimized,closed,2026-09-27T23:49:56.845498+00:00,603072.138240294,603072.115725856,22.514437907375395,,first_observed_frame,True
20260927T234956-6e4bee93a2,Browse.mp4,False,20260927T234956-6e4bee93a2-0002,zone1,37.2,37.36,37.84,0.6400000000000006,/home/geonug/kdt-linux/team_project/team_project/outputs/experiments/batch-20260927T234749-1ed6c599/optimized/Browse-r3/runs/20260927T234956-6e4bee93a2/clips/20260927T234958_20260927T234956-6e4bee93a2-0002_1a542e17.mp4,optimized,closed,2026-09-27T23:49:58.691569+00:00,603073.984294918,603073.951384946,32.90997201111168,,first_observed_frame,True
20260927T234956-6e4bee93a2,Browse.mp4,False,20260927T234956-6e4bee93a2-0003,zone1,39.92,40.08,,,/home/geonug/kdt-linux/team_project/team_project/outputs/experiments/batch-20260927T234749-1ed6c599/optimized/Browse-r3/runs/20260927T234956-6e4bee93a2/clips/20260927T234959_20260927T234956-6e4bee93a2-0003_3483b4f5.mp4,optimized,open_at_eof,2026-09-27T23:49:59.002623+00:00,603074.295342005,603074.258720557,36.62144800182432,,first_observed_frame,True
20260927T234959-99a2cf2ec6,Browse.mp4,False,20260927T234959-99a2cf2ec6-0001,zone1,1.64,1.8,3.24,1.6000000000000003,/home/geonug/kdt-linux/team_project/team_project/outputs/experiments/batch-20260927T234749-1ed6c599/baseline/Browse-r3/runs/20260927T234959-99a2cf2ec6/clips/20260927T234959_20260927T234959-99a2cf2ec6-0001_754246b2.mp4,baseline,closed,2026-09-27T23:49:59.713900+00:00,603075.006641629,603075.004918482,1.7231469973921776,,first_observed_frame,True
20260927T234959-99a2cf2ec6,Browse.mp4,False,20260927T234959-99a2cf2ec6-0002,zone1,37.2,37.36,37.84,0.6400000000000006,/home/geonug/kdt-linux/team_project/team_project/outputs/experiments/batch-20260927T234749-1ed6c599/baseline/Browse-r3/runs/20260927T234959-99a2cf2ec6/clips/20260927T235001_20260927T234959-99a2cf2ec6-0002_fcd2040b.mp4,baseline,closed,2026-09-27T23:50:01.856882+00:00,603077.149617658,603077.147410308,2.2073499858379364,,first_observed_frame,True
20260927T234959-99a2cf2ec6,Browse.mp4,False,20260927T234959-99a2cf2ec6-0003,zone1,39.92,40.08,,,/home/geonug/kdt-linux/team_project/team_project/outputs/experiments/batch-20260927T234749-1ed6c599/baseline/Browse-r3/runs/20260927T234959-99a2cf2ec6/clips/20260927T235002_20260927T234959-99a2cf2ec6-0003_26546d37.mp4,baseline,open_at_eof,2026-09-27T23:50:02.140055+00:00,603077.432795265,603077.430186985,2.6082800468429923,,first_observed_frame,True
20260927T235002-6c3201f340,Browse.mp4,False,20260927T235002-6c3201f340-0001,zone1,1.64,1.8,3.24,1.6000000000000003,/home/geonug/kdt-linux/team_project/team_project/outputs/experiments/batch-20260927T234749-1ed6c599/threaded/Browse-r3/runs/20260927T235002-6c3201f340/clips/20260927T235002_20260927T235002-6c3201f340-0001_299e52ce.mp4,threaded,closed,2026-09-27T23:50:02.765331+00:00,603078.058075301,603078.035480063,22.595238056965172,,first_observed_frame,True
20260927T235002-6c3201f340,Browse.mp4,False,20260927T235002-6c3201f340-0002,zone1,37.2,37.36,37.84,0.6400000000000006,/home/geonug/kdt-linux/team_project/team_project/outputs/experiments/batch-20260927T234749-1ed6c599/threaded/Browse-r3/runs/20260927T235002-6c3201f340/clips/20260927T235004_20260927T235002-6c3201f340-0002_e83a5492.mp4,threaded,closed,2026-09-27T23:50:04.529932+00:00,603079.822676574,603079.80761492,15.06165403407067,,first_observed_frame,True
20260927T235002-6c3201f340,Browse.mp4,False,20260927T235002-6c3201f340-0003,zone1,39.92,40.08,,,/home/geonug/kdt-linux/team_project/team_project/outputs/experiments/batch-20260927T234749-1ed6c599/threaded/Browse-r3/runs/20260927T235002-6c3201f340/clips/20260927T235004_20260927T235002-6c3201f340-0003_bd97fddf.mp4,threaded,open_at_eof,2026-09-27T23:50:04.751632+00:00,603080.04436383,603080.021056243,23.307587020099163,,first_observed_frame,True
20260927T235005-643fe33327,Danger.mp4,False,20260927T235005-643fe33327-0001,zone1,9.92,10.08,10.24,0.3200000000000003,/home/geonug/kdt-linux/team_project/team_project/outputs/experiments/batch-20260927T234749-1ed6c599/optimized/Danger-r3/runs/20260927T235005-643fe33327/clips/20260927T235005_20260927T235005-643fe33327-0001_8f908745.mp4,optimized,closed,2026-09-27T23:50:05.752790+00:00,603081.045530982,603081.027367768,18.163213972002268,,first_observed_frame,False
20260927T235005-643fe33327,Danger.mp4,False,20260927T235005-643fe33327-0002,zone1,12.72,12.88,13.2,0.47999999999999865,/home/geonug/kdt-linux/team_project/team_project/outputs/experiments/batch-20260927T234749-1ed6c599/optimized/Danger-r3/runs/20260927T235005-643fe33327/clips/20260927T235005_20260927T235005-643fe33327-0002_e9fb8a9c.mp4,optimized,closed,2026-09-27T23:50:05.970412+00:00,603081.263128639,603081.240120281,23.008357966318727,,first_observed_frame,False
20260927T235005-643fe33327,Danger.mp4,False,20260927T235005-643fe33327-0003,zone1,53.72,53.88,54.2,0.480000000000004,/home/geonug/kdt-linux/team_project/team_project/outputs/experiments/batch-20260927T234749-1ed6c599/optimized/Danger-r3/runs/20260927T235005-643fe33327/clips/20260927T235007_20260927T235005-643fe33327-0003_1ebe2e1e.mp4,optimized,closed,2026-09-27T23:50:07.779397+00:00,603083.072141436,603083.056650871,15.49056509975344,,first_observed_frame,False
20260927T235008-e29c7aa1ab,Danger.mp4,False,20260927T235008-e29c7aa1ab-0001,zone1,9.92,10.08,10.24,0.3200000000000003,/home/geonug/kdt-linux/team_project/team_project/outputs/experiments/batch-20260927T234749-1ed6c599/baseline/Danger-r3/runs/20260927T235008-e29c7aa1ab/clips/20260927T235009_20260927T235008-e29c7aa1ab-0001_26a2c704.mp4,baseline,closed,2026-09-27T23:50:09.087432+00:00,603084.380144571,603084.377611237,2.5333339581266046,,first_observed_frame,False
20260927T235008-e29c7aa1ab,Danger.mp4,False,20260927T235008-e29c7aa1ab-0002,zone1,12.72,12.88,13.2,0.47999999999999865,/home/geonug/kdt-linux/team_project/team_project/outputs/experiments/batch-20260927T234749-1ed6c599/baseline/Danger-r3/runs/20260927T235008-e29c7aa1ab/clips/20260927T235009_20260927T235008-e29c7aa1ab-0002_09ff66b6.mp4,baseline,closed,2026-09-27T23:50:09.303473+00:00,603084.596205972,603084.593310731,2.8952410211786628,,first_observed_frame,False
20260927T235008-e29c7aa1ab,Danger.mp4,False,20260927T235008-e29c7aa1ab-0003,zone1,53.72,53.88,54.2,0.480000000000004,/home/geonug/kdt-linux/team_project/team_project/outputs/experiments/batch-20260927T234749-1ed6c599/baseline/Danger-r3/runs/20260927T235008-e29c7aa1ab/clips/20260927T235011_20260927T235008-e29c7aa1ab-0003_b13db788.mp4,baseline,closed,2026-09-27T23:50:11.273130+00:00,603086.565862195,603086.562331251,3.530943999066949,,first_observed_frame,False
20260927T235011-91a49ed4de,Danger.mp4,False,20260927T235011-91a49ed4de-0001,zone1,9.92,10.08,10.24,0.3200000000000003,/home/geonug/kdt-linux/team_project/team_project/outputs/experiments/batch-20260927T234749-1ed6c599/threaded/Danger-r3/runs/20260927T235011-91a49ed4de/clips/20260927T235012_20260927T235011-91a49ed4de-0001_3c514a41.mp4,threaded,closed,2026-09-27T23:50:12.390345+00:00,603087.683090528,603087.6660541,17.036427976563573,,first_observed_frame,False
20260927T235011-91a49ed4de,Danger.mp4,False,20260927T235011-91a49ed4de-0002,zone1,12.72,12.88,13.2,0.47999999999999865,/home/geonug/kdt-linux/team_project/team_project/outputs/experiments/batch-20260927T234749-1ed6c599/threaded/Danger-r3/runs/20260927T235011-91a49ed4de/clips/20260927T235012_20260927T235011-91a49ed4de-0002_00a4a63a.mp4,threaded,closed,2026-09-27T23:50:12.616064+00:00,603087.908809272,603087.88410312,24.706152034923434,,first_observed_frame,False
20260927T235011-91a49ed4de,Danger.mp4,False,20260927T235011-91a49ed4de-0003,zone1,53.72,53.88,54.2,0.480000000000004,/home/geonug/kdt-linux/team_project/team_project/outputs/experiments/batch-20260927T234749-1ed6c599/threaded/Danger-r3/runs/20260927T235011-91a49ed4de/clips/20260927T235014_20260927T235011-91a49ed4de-0003_828a8a0f.mp4,threaded,closed,2026-09-27T23:50:14.374160+00:00,603089.666901711,603089.651953268,14.948443043977022,,first_observed_frame,False
20260927T235029-a9f747ab22,LeftBox.mp4,False,20260927T235029-a9f747ab22-0001,zone1,1.4,1.56,2.04,0.6400000000000001,/home/geonug/kdt-linux/team_project/team_project/outputs/experiments/batch-20260927T234749-1ed6c599/optimized/LeftBox-r3/runs/20260927T235029-a9f747ab22/clips/20260927T235029_20260927T235029-a9f747ab22-0001_27846e31.mp4,optimized,closed,2026-09-27T23:50:29.729566+00:00,603105.022310346,603105.00440922,17.901126062497497,,first_observed_frame,True
20260927T235029-a9f747ab22,LeftBox.mp4,False,20260927T235029-a9f747ab22-0002,zone1,21.96,22.12,23.96,2.0,/home/geonug/kdt-linux/team_project/team_project/outputs/experiments/batch-20260927T234749-1ed6c599/optimized/LeftBox-r3/runs/20260927T235029-a9f747ab22/clips/20260927T235030_20260927T235029-a9f747ab22-0002_416e550e.mp4,optimized,closed,2026-09-27T23:50:30.787748+00:00,603106.080477503,603106.064185711,16.291792038828135,,first_observed_frame,False
20260927T235029-a9f747ab22,LeftBox.mp4,False,20260927T235029-a9f747ab22-0003,zone1,24.84,25.0,29.36,4.52,/home/geonug/kdt-linux/team_project/team_project/outputs/experiments/batch-20260927T234749-1ed6c599/optimized/LeftBox-r3/runs/20260927T235029-a9f747ab22/clips/20260927T235031_20260927T235029-a9f747ab22-0003_843a9732.mp4,optimized,closed,2026-09-27T23:50:31.039375+00:00,603106.332101558,603106.306122658,25.978900026530027,,first_observed_frame,False
20260927T235032-bc53e52d05,LeftBox.mp4,False,20260927T235032-bc53e52d05-0001,zone1,1.4,1.56,2.04,0.6400000000000001,/home/geonug/kdt-linux/team_project/team_project/outputs/experiments/batch-20260927T234749-1ed6c599/baseline/LeftBox-r3/runs/20260927T235032-bc53e52d05/clips/20260927T235032_20260927T235032-bc53e52d05-0001_5b9a9a8d.mp4,baseline,closed,2026-09-27T23:50:32.207101+00:00,603107.499846151,603107.497701799,2.1443519508466125,,first_observed_frame,True
20260927T235032-bc53e52d05,LeftBox.mp4,False,20260927T235032-bc53e52d05-0002,zone1,21.96,22.12,23.96,2.0,/home/geonug/kdt-linux/team_project/team_project/outputs/experiments/batch-20260927T234749-1ed6c599/baseline/LeftBox-r3/runs/20260927T235032-bc53e52d05/clips/20260927T235033_20260927T235032-bc53e52d05-0002_4eebdc27.mp4,baseline,closed,2026-09-27T23:50:33.200011+00:00,603108.492742998,603108.491263044,1.4799539931118488,,first_observed_frame,False
20260927T235032-bc53e52d05,LeftBox.mp4,False,20260927T235032-bc53e52d05-0003,zone1,24.84,25.0,29.36,4.52,/home/geonug/kdt-linux/team_project/team_project/outputs/experiments/batch-20260927T234749-1ed6c599/baseline/LeftBox-r3/runs/20260927T235032-bc53e52d05/clips/20260927T235033_20260927T235032-bc53e52d05-0003_3b187f9f.mp4,baseline,closed,2026-09-27T23:50:33.439339+00:00,603108.732064449,603108.73022878,1.8356690416112542,,first_observed_frame,False
20260927T235034-7ee25c00aa,LeftBox.mp4,False,20260927T235034-7ee25c00aa-0001,zone1,1.4,1.56,2.04,0.6400000000000001,/home/geonug/kdt-linux/team_project/team_project/outputs/experiments/batch-20260927T234749-1ed6c599/threaded/LeftBox-r3/runs/20260927T235034-7ee25c00aa/clips/20260927T235034_20260927T235034-7ee25c00aa-0001_fc0786e2.mp4,threaded,closed,2026-09-27T23:50:34.555526+00:00,603109.848270838,603109.827326518,20.944320014677942,,first_observed_frame,True
20260927T235034-7ee25c00aa,LeftBox.mp4,False,20260927T235034-7ee25c00aa-0002,zone1,21.96,22.12,23.96,2.0,/home/geonug/kdt-linux/team_project/team_project/outputs/experiments/batch-20260927T234749-1ed6c599/threaded/LeftBox-r3/runs/20260927T235034-7ee25c00aa/clips/20260927T235035_20260927T235034-7ee25c00aa-0002_40bac0c9.mp4,threaded,closed,2026-09-27T23:50:35.578002+00:00,603110.870747005,603110.85525934,15.487664961256087,,first_observed_frame,False
20260927T235034-7ee25c00aa,LeftBox.mp4,False,20260927T235034-7ee25c00aa-0003,zone1,24.84,25.0,29.36,4.52,/home/geonug/kdt-linux/team_project/team_project/outputs/experiments/batch-20260927T234749-1ed6c599/threaded/LeftBox-r3/runs/20260927T235034-7ee25c00aa/clips/20260927T235035_20260927T235034-7ee25c00aa-0003_56739df1.mp4,threaded,closed,2026-09-27T23:50:35.843112+00:00,603111.135855636,603111.107904785,27.95085101388395,,first_observed_frame,False
20260927T235036-34d9ec71ae,long_stay.mp4,False,20260927T235036-34d9ec71ae-0001,zone1,34.28,34.44,35.8,1.519999999999996,/home/geonug/kdt-linux/team_project/team_project/outputs/experiments/batch-20260927T234749-1ed6c599/optimized/long_stay-r3/runs/20260927T235036-34d9ec71ae/clips/20260927T235038_20260927T235036-34d9ec71ae-0001_65ef6195.mp4,optimized,closed,2026-09-27T23:50:38.269763+00:00,603113.562507912,603113.550214859,12.293053092435002,,first_observed_frame,False
20260927T235040-7c40333e06,long_stay.mp4,False,20260927T235040-7c40333e06-0001,zone1,34.28,34.44,35.8,1.519999999999996,/home/geonug/kdt-linux/team_project/team_project/outputs/experiments/batch-20260927T234749-1ed6c599/baseline/long_stay-r3/runs/20260927T235040-7c40333e06/clips/20260927T235041_20260927T235040-7c40333e06-0001_5e317a8c.mp4,baseline,closed,2026-09-27T23:50:41.827452+00:00,603117.120197157,603117.118920913,1.2762440601363778,,first_observed_frame,False
20260927T235043-f36a1fe030,long_stay.mp4,False,20260927T235043-f36a1fe030-0001,zone1,34.28,34.44,35.8,1.519999999999996,/home/geonug/kdt-linux/team_project/team_project/outputs/experiments/batch-20260927T234749-1ed6c599/threaded/long_stay-r3/runs/20260927T235043-f36a1fe030/clips/20260927T235045_20260927T235043-f36a1fe030-0001_d7e16d1e.mp4,threaded,closed,2026-09-27T23:50:45.247103+00:00,603120.53984812,603120.525073919,14.774200972169638,,first_observed_frame,False
