video,mode,repeat,status,evaluation_status,error,evaluation_note,output_dir,processed_frames,measured_frames,elapsed_time,fps,tp,fp,fn,precision,recall,f1,alert_delay,detected_events,recorded_events,run_dir,dropped_frames,pending_at_stop,queue_wait_ms,total_frame_ms,source_fps,frame_count,video_eof_time,open_at_eof_count,recorded_clips,verified_clips,truncated_clips,recording_status,false_positive_count,false_discovery_fraction,fpr,alert_delay_min,alert_delay_max,alert_delay_count,alert_delay_sum
Rest.mp4,baseline,1,COMPLETED,EVALUATED,,,/home/geonug/kdt-linux/team_project/team_project/outputs/experiments/batch-20260927T234749-1ed6c599/baseline/Rest-r1,1015,985,1.7656192670110613,557.8779176257308,1,0,0,1.0,1.0,1.0,1.0799999999999983,1,1,/home/geonug/kdt-linux/team_project/team_project/outputs/experiments/batch-20260927T234749-1ed6c599/baseline/Rest-r1/runs/20260927T234749-334a6625d2,0,0,0.003980251790265444,1.7822571779568184,25.0,1015.0,40.6,0,1,1,1,PASS,0,0.0,N/A,1.0799999999999983,1.0799999999999983,1,1.0799999999999983
Rest.mp4,threaded,1,COMPLETED,EVALUATED,,,/home/geonug/kdt-linux/team_project/team_project/outputs/experiments/batch-20260927T234749-1ed6c599/threaded/Rest-r1,1015,985,1.8241691939765587,539.9718421144753,1,0,0,1.0,1.0,1.0,1.0799999999999983,1,1,/home/geonug/kdt-linux/team_project/team_project/outputs/experiments/batch-20260927T234749-1ed6c599/threaded/Rest-r1/runs/20260927T234751-c31544c2ca,0,0,16.328953978189546,18.394034678414275,25.0,1015.0,40.6,0,1,1,1,PASS,0,0.0,N/A,1.0799999999999983,1.0799999999999983,1,1.0799999999999983
Rest.mp4,optimized,1,COMPLETED,EVALUATED,,,/home/geonug/kdt-linux/team_project/team_project/outputs/experiments/batch-20260927T234749-1ed6c599/optimized/Rest-r1,1015,985,1.8363395149353892,536.3931843696436,1,0,0,1.0,1.0,1.0,1.0799999999999983,1,1,/home/geonug/kdt-linux/team_project/team_project/outputs/experiments/batch-20260927T234749-1ed6c599/optimized/Rest-r1/runs/20260927T234754-2e341b8cb4,0,0,16.452177689141276,18.53799886108012,25.0,1015.0,40.6,0,1,1,1,PASS,0,0.0,N/A,1.0799999999999983,1.0799999999999983,1,1.0799999999999983
Browse.mp4,baseline,1,COMPLETED,EVALUATED,,,/home/geonug/kdt-linux/team_project/team_project/outputs/experiments/batch-20260927T234749-1ed6c599/baseline/Browse-r1,1051,1021,2.5594107509823516,398.91994655727706,1,2,0,0.3333333333333333,1.0,0.5,0.8,3,3,/home/geonug/kdt-linux/team_project/team_project/outputs/experiments/batch-20260927T234749-1ed6c599/baseline/Browse-r1/runs/20260927T234756-738162908d,0,0,0.005084689456630174,2.49417525263235,25.0,1051.0,42.04,1,3,3,3,PASS,2,0.6666666666666666,N/A,0.8,0.8,1,0.8
Browse.mp4,threaded,1,COMPLETED,EVALUATED,,,/home/geonug/kdt-linux/team_project/team_project/outputs/experiments/batch-20260927T234749-1ed6c599/threaded/Browse-r1,1051,1021,2.27041990600992,449.69655053559023,1,2,0,0.3333333333333333,1.0,0.5,0.8,3,3,/home/geonug/kdt-linux/team_project/team_project/outputs/experiments/batch-20260927T234749-1ed6c599/threaded/Browse-r1/runs/20260927T234759-752bcf6327,0,0,19.65753822056093,22.092437379479037,25.0,1051.0,42.04,1,3,3,3,PASS,2,0.6666666666666666,N/A,0.8,0.8,1,0.8
Browse.mp4,optimized,1,COMPLETED,EVALUATED,,,/home/geonug/kdt-linux/team_project/team_project/outputs/experiments/batch-20260927T234749-1ed6c599/optimized/Browse-r1,1051,1021,2.3449334639590234,435.4068103391788,1,2,0,0.3333333333333333,1.0,0.5,0.8,3,3,/home/geonug/kdt-linux/team_project/team_project/outputs/experiments/batch-20260927T234749-1ed6c599/optimized/Browse-r1/runs/20260927T234802-7d63279ea4,0,0,20.27813459294561,22.79227673204709,25.0,1051.0,42.04,1,3,3,3,PASS,2,0.6666666666666666,N/A,0.8,0.8,1,0.8
Danger.mp4,baseline,1,COMPLETED,EVALUATED,,,/home/geonug/kdt-linux/team_project/team_project/outputs/experiments/batch-20260927T234749-1ed6c599/baseline/Danger-r1,1500,1470,3.062650581006892,479.97639989238195,2,1,0,0.6666666666666666,1.0,0.8,1.4800000000000004,3,3,/home/geonug/kdt-linux/team_project/team_project/outputs/experiments/batch-20260927T234749-1ed6c599/baseline/Danger-r1/runs/20260927T234804-194f02748d,0,0,0.0045181748609305645,2.0724082291189605,25.0,1500.0,60.0,0,3,3,0,PASS,1,0.3333333333333333,N/A,0.8800000000000008,2.08,2,2.960000000000001
Danger.mp4,threaded,1,COMPLETED,EVALUATED,,,/home/geonug/kdt-linux/team_project/team_project/outputs/experiments/batch-20260927T234749-1ed6c599/threaded/Danger-r1,1500,1470,3.4437074559973553,426.86552756969405,2,1,0,0.6666666666666666,1.0,0.8,1.4800000000000004,3,3,/home/geonug/kdt-linux/team_project/team_project/outputs/experiments/batch-20260927T234749-1ed6c599/threaded/Danger-r1/runs/20260927T234808-34ca6d85e0,0,0,20.77454412142195,23.33929284220739,25.0,1500.0,60.0,0,3,3,0,PASS,1,0.3333333333333333,N/A,0.8800000000000008,2.08,2,2.960000000000001
Danger.mp4,optimized,1,COMPLETED,EVALUATED,,,/home/geonug/kdt-linux/team_project/team_project/outputs/experiments/batch-20260927T234749-1ed6c599/optimized/Danger-r1,1500,1470,2.805945478961803,523.8875847808342,2,1,0,0.6666666666666666,1.0,0.8,1.4800000000000004,3,3,/home/geonug/kdt-linux/team_project/team_project/outputs/experiments/batch-20260927T234749-1ed6c599/optimized/Danger-r1/runs/20260927T234812-1671e87799,0,0,16.924337052176295,19.012571876032315,25.0,1500.0,60.0,0,3,3,0,PASS,1,0.3333333333333333,N/A,0.8800000000000008,2.08,2,2.960000000000001
ThreeDanger.mp4,baseline,1,COMPLETED,EVALUATED,,,/home/geonug/kdt-linux/team_project/team_project/outputs/experiments/batch-20260927T234749-1ed6c599/baseline/ThreeDanger-r1,1650,1620,2.988109091995284,542.148880822239,0,0,2,N/A,0.0,0.0,N/A,0,0,/home/geonug/kdt-linux/team_project/team_project/outputs/experiments/batch-20260927T234749-1ed6c599/baseline/ThreeDanger-r1/runs/20260927T234815-854314a851,0,0,0.0034994266087902182,1.835686419400628,25.0,1650.0,66.0,0,0,0,0,PASS,0,N/A,N/A,N/A,N/A,0,0
ThreeDanger.mp4,threaded,1,COMPLETED,EVALUATED,,,/home/geonug/kdt-linux/team_project/team_project/outputs/experiments/batch-20260927T234749-1ed6c599/threaded/ThreeDanger-r1,1650,1620,2.9316034639487043,552.5986102560922,0,0,2,N/A,0.0,0.0,N/A,0,0,/home/geonug/kdt-linux/team_project/team_project/outputs/experiments/batch-20260927T234749-1ed6c599/threaded/ThreeDanger-r1/runs/20260927T234818-48275ad334,0,0,16.03228387431483,18.035654062376484,25.0,1650.0,66.0,0,0,0,0,PASS,0,N/A,N/A,N/A,N/A,0,0
ThreeDanger.mp4,optimized,1,COMPLETED,EVALUATED,,,/home/geonug/kdt-linux/team_project/team_project/outputs/experiments/batch-20260927T234749-1ed6c599/optimized/ThreeDanger-r1,1650,1620,2.9417094900272787,550.7001984703043,0,0,2,N/A,0.0,0.0,N/A,0,0,/home/geonug/kdt-linux/team_project/team_project/outputs/experiments/batch-20260927T234749-1ed6c599/optimized/ThreeDanger-r1/runs/20260927T234821-7557be1163,0,0,16.087375562508694,18.08877006211939,25.0,1650.0,66.0,0,0,0,0,PASS,0,N/A,N/A,N/A,N/A,0,0
Near_walk.mp4,baseline,1,COMPLETED,EVALUATED,,,/home/geonug/kdt-linux/team_project/team_project/outputs/experiments/batch-20260927T234749-1ed6c599/baseline/Near_walk-r1,725,695,1.100826594978571,631.3437585631087,0,0,0,N/A,N/A,N/A,N/A,0,0,/home/geonug/kdt-linux/team_project/team_project/outputs/experiments/batch-20260927T234749-1ed6c599/baseline/Near_walk-r1/runs/20260927T234825-291de5671a,0,0,0.00367794460583505,1.5756652827823547,25.0,725.0,29.0,0,0,0,0,PASS,0,N/A,N/A,N/A,N/A,0,0
Near_walk.mp4,threaded,1,COMPLETED,EVALUATED,,,/home/geonug/kdt-linux/team_project/team_project/outputs/experiments/batch-20260927T234749-1ed6c599/threaded/Near_walk-r1,725,695,1.1234553520334885,618.62716550509,0,0,0,N/A,N/A,N/A,N/A,0,0,/home/geonug/kdt-linux/team_project/team_project/outputs/experiments/batch-20260927T234749-1ed6c599/threaded/Near_walk-r1/runs/20260927T234826-13266cb2cd,0,0,14.255937798746038,16.059447977048674,25.0,725.0,29.0,0,0,0,0,PASS,0,N/A,N/A,N/A,N/A,0,0
Near_walk.mp4,optimized,1,COMPLETED,EVALUATED,,,/home/geonug/kdt-linux/team_project/team_project/outputs/experiments/batch-20260927T234749-1ed6c599/optimized/Near_walk-r1,725,695,1.137948940973729,610.7479650231908,0,0,0,N/A,N/A,N/A,N/A,0,0,/home/geonug/kdt-linux/team_project/team_project/outputs/experiments/batch-20260927T234749-1ed6c599/optimized/Near_walk-r1/runs/20260927T234828-221bb6015c,0,0,14.423932708639034,16.243318456607007,25.0,725.0,29.0,0,0,0,0,PASS,0,N/A,N/A,N/A,N/A,0,0
LeftBox.mp4,baseline,1,COMPLETED,EVALUATED,,,/home/geonug/kdt-linux/team_project/team_project/outputs/experiments/batch-20260927T234749-1ed6c599/baseline/LeftBox-r1,871,841,2.0738599620526657,405.52400614725923,1,2,0,0.3333333333333333,1.0,0.5,0.0,3,3,/home/geonug/kdt-linux/team_project/team_project/outputs/experiments/batch-20260927T234749-1ed6c599/baseline/LeftBox-r1/runs/20260927T234829-1fa113bf06,0,0,0.00444399350733628,2.4554378503388707,25.0,871.0,34.84,0,3,3,1,PASS,2,0.6666666666666666,N/A,0.0,0.0,1,0.0
LeftBox.mp4,threaded,1,COMPLETED,EVALUATED,,,/home/geonug/kdt-linux/team_project/team_project/outputs/experiments/batch-20260927T234749-1ed6c599/threaded/LeftBox-r1,871,841,2.050668306997977,410.1102051121862,1,2,0,0.3333333333333333,1.0,0.5,0.0,3,3,/home/geonug/kdt-linux/team_project/team_project/outputs/experiments/batch-20260927T234749-1ed6c599/threaded/LeftBox-r1/runs/20260927T234831-d5275804eb,0,0,21.62046407019403,24.258133405891517,25.0,871.0,34.84,0,3,3,1,PASS,2,0.6666666666666666,N/A,0.0,0.0,1,0.0
LeftBox.mp4,optimized,1,COMPLETED,EVALUATED,,,/home/geonug/kdt-linux/team_project/team_project/outputs/experiments/batch-20260927T234749-1ed6c599/optimized/LeftBox-r1,871,841,2.1551603090483695,390.226191745036,1,2,0,0.3333333333333333,1.0,0.5,0.0,3,3,/home/geonug/kdt-linux/team_project/team_project/outputs/experiments/batch-20260927T234749-1ed6c599/optimized/LeftBox-r1/runs/20260927T234834-f2361dda80,0,0,22.747762989325896,25.53317840648516,25.0,871.0,34.84,0,3,3,1,PASS,2,0.6666666666666666,N/A,0.0,0.0,1,0.0
long_stay.mp4,baseline,1,COMPLETED,EVALUATED,,,/home/geonug/kdt-linux/team_project/team_project/outputs/experiments/batch-20260927T234749-1ed6c599/baseline/long_stay-r1,1903,1873,3.555867437971756,526.7350464190384,1,0,0,1.0,1.0,1.0,0.0,1,1,/home/geonug/kdt-linux/team_project/team_project/outputs/experiments/batch-20260927T234749-1ed6c599/baseline/long_stay-r1/runs/20260927T234836-a12b0de3e8,0,0,0.0044777852647678775,1.8875954734972984,25.0,1903.0,76.12,0,1,1,0,PASS,0,0.0,N/A,0.0,0.0,1,0.0
long_stay.mp4,threaded,1,COMPLETED,EVALUATED,,,/home/geonug/kdt-linux/team_project/team_project/outputs/experiments/batch-20260927T234749-1ed6c599/threaded/long_stay-r1,1903,1873,3.428356639924459,546.3258921747622,1,0,0,1.0,1.0,1.0,0.0,1,1,/home/geonug/kdt-linux/team_project/team_project/outputs/experiments/batch-20260927T234749-1ed6c599/threaded/long_stay-r1/runs/20260927T234840-142c2a7a96,0,0,16.161194224073665,18.206198622141425,25.0,1903.0,76.12,0,1,1,0,PASS,0,0.0,N/A,0.0,0.0,1,0.0
long_stay.mp4,optimized,1,COMPLETED,EVALUATED,,,/home/geonug/kdt-linux/team_project/team_project/outputs/experiments/batch-20260927T234749-1ed6c599/optimized/long_stay-r1,1903,1873,3.1770265949890018,589.5449546926075,1,0,0,1.0,1.0,1.0,0.0,1,1,/home/geonug/kdt-linux/team_project/team_project/outputs/experiments/batch-20260927T234749-1ed6c599/optimized/long_stay-r1/runs/20260927T234844-403f1daa32,0,0,15.001736280497898,16.899479770146854,25.0,1903.0,76.12,0,1,1,0,PASS,0,0.0,N/A,0.0,0.0,1,0.0
Rest.mp4,threaded,2,COMPLETED,EVALUATED,,,/home/geonug/kdt-linux/team_project/team_project/outputs/experiments/batch-20260927T234749-1ed6c599/threaded/Rest-r2,1015,985,1.6046261159935966,613.8501612196935,1,0,0,1.0,1.0,1.0,1.0799999999999983,1,1,/home/geonug/kdt-linux/team_project/team_project/outputs/experiments/batch-20260927T234749-1ed6c599/threaded/Rest-r2/runs/20260927T234848-d6e52e6cc6,0,0,14.34492531710016,16.169353827791582,25.0,1015.0,40.6,0,1,1,1,PASS,0,0.0,N/A,1.0799999999999983,1.0799999999999983,1,1.0799999999999983
Rest.mp4,optimized,2,COMPLETED,EVALUATED,,,/home/geonug/kdt-linux/team_project/team_project/outputs/experiments/batch-20260927T234749-1ed6c599/optimized/Rest-r2,1015,985,1.9782126150093973,497.92423348555025,1,0,0,1.0,1.0,1.0,1.0799999999999983,1,1,/home/geonug/kdt-linux/team_project/team_project/outputs/experiments/batch-20260927T234749-1ed6c599/optimized/Rest-r2/runs/20260927T234850-52a07d03a3,0,0,17.72013648500581,19.966350936657054,25.0,1015.0,40.6,0,1,1,1,PASS,0,0.0,N/A,1.0799999999999983,1.0799999999999983,1,1.0799999999999983
Rest.mp4,baseline,2,COMPLETED,EVALUATED,,,/home/geonug/kdt-linux/team_project/team_project/outputs/experiments/batch-20260927T234749-1ed6c599/baseline/Rest-r2,1015,985,1.8411798810120672,534.9830346063532,1,0,0,1.0,1.0,1.0,1.0799999999999983,1,1,/home/geonug/kdt-linux/team_project/team_project/outputs/experiments/batch-20260927T234749-1ed6c599/baseline/Rest-r2/runs/20260927T234852-cd7f59dea2,0,0,0.004012466923612628,1.8587949442284815,25.0,1015.0,40.6,0,1,1,1,PASS,0,0.0,N/A,1.0799999999999983,1.0799999999999983,1,1.0799999999999983
Browse.mp4,threaded,2,COMPLETED,EVALUATED,,,/home/geonug/kdt-linux/team_project/team_project/outputs/experiments/batch-20260927T234749-1ed6c599/threaded/Browse-r2,1051,1021,2.347542833071202,434.9228417120143,1,2,0,0.3333333333333333,1.0,0.5,0.8,3,3,/home/geonug/kdt-linux/team_project/team_project/outputs/experiments/batch-20260927T234749-1ed6c599/threaded/Browse-r2/runs/20260927T234854-4ae2b20c84,0,0,20.30428918511821,22.81696779571791,25.0,1051.0,42.04,1,3,3,3,PASS,2,0.6666666666666666,N/A,0.8,0.8,1,0.8
Browse.mp4,optimized,2,COMPLETED,EVALUATED,,,/home/geonug/kdt-linux/team_project/team_project/outputs/experiments/batch-20260927T234749-1ed6c599/optimized/Browse-r2,1051,1021,2.2052622850751504,462.98347679999733,1,2,0,0.3333333333333333,1.0,0.5,0.8,3,3,/home/geonug/kdt-linux/team_project/team_project/outputs/experiments/batch-20260927T234749-1ed6c599/optimized/Browse-r2/runs/20260927T234857-3486ba1610,0,0,19.070777446432924,21.442306226385753,25.0,1051.0,42.04,1,3,3,3,PASS,2,0.6666666666666666,N/A,0.8,0.8,1,0.8
Browse.mp4,baseline,2,COMPLETED,EVALUATED,,,/home/geonug/kdt-linux/team_project/team_project/outputs/experiments/batch-20260927T234749-1ed6c599/baseline/Browse-r2,1051,1021,2.212823787936941,461.4014028436934,1,2,0,0.3333333333333333,1.0,0.5,0.8,3,3,/home/geonug/kdt-linux/team_project/team_project/outputs/experiments/batch-20260927T234749-1ed6c599/baseline/Browse-r2/runs/20260927T234900-e35a65eef1,0,0,0.004516414391291013,2.1563561962293525,25.0,1051.0,42.04,1,3,3,3,PASS,2,0.6666666666666666,N/A,0.8,0.8,1,0.8
Danger.mp4,threaded,2,COMPLETED,EVALUATED,,,/home/geonug/kdt-linux/team_project/team_project/outputs/experiments/batch-20260927T234749-1ed6c599/threaded/Danger-r2,1500,1470,3.0510029030265287,481.8087844301269,2,1,0,0.6666666666666666,1.0,0.8,1.4800000000000004,3,3,/home/geonug/kdt-linux/team_project/team_project/outputs/experiments/batch-20260927T234749-1ed6c599/threaded/Danger-r2/runs/20260927T234902-6cf7fe6047,0,0,18.373175560050093,20.655441061010723,25.0,1500.0,60.0,0,3,3,0,PASS,1,0.3333333333333333,N/A,0.8800000000000008,2.08,2,2.960000000000001
Danger.mp4,optimized,2,COMPLETED,EVALUATED,,,/home/geonug/kdt-linux/team_project/team_project/outputs/experiments/batch-20260927T234749-1ed6c599/optimized/Danger-r2,1500,1470,2.838091552024707,517.953692843804,2,1,0,0.6666666666666666,1.0,0.8,1.4800000000000004,3,3,/home/geonug/kdt-linux/team_project/team_project/outputs/experiments/batch-20260927T234749-1ed6c599/optimized/Danger-r2/runs/20260927T234906-e9be861ae0,0,0,17.111700869855934,19.23245164648104,25.0,1500.0,60.0,0,3,3,0,PASS,1,0.3333333333333333,N/A,0.8800000000000008,2.08,2,2.960000000000001
Danger.mp4,baseline,2,COMPLETED,EVALUATED,,,/home/geonug/kdt-linux/team_project/team_project/outputs/experiments/batch-20260927T234749-1ed6c599/baseline/Danger-r2,1500,1470,2.8900461689336225,508.642393260591,2,1,0,0.6666666666666666,1.0,0.8,1.4800000000000004,3,3,/home/geonug/kdt-linux/team_project/team_project/outputs/experiments/batch-20260927T234749-1ed6c599/baseline/Danger-r2/runs/20260927T234909-1c1d9a555f,0,0,0.004008705062525613,1.9555561838443487,25.0,1500.0,60.0,0,3,3,0,PASS,1,0.3333333333333333,N/A,0.8800000000000008,2.08,2,2.960000000000001
ThreeDanger.mp4,threaded,2,COMPLETED,EVALUATED,,,/home/geonug/kdt-linux/team_project/team_project/outputs/experiments/batch-20260927T234749-1ed6c599/threaded/ThreeDanger-r2,1650,1620,3.2287970040924847,501.73485603048374,0,0,2,N/A,0.0,0.0,N/A,0,0,/home/geonug/kdt-linux/team_project/team_project/outputs/experiments/batch-20260927T234749-1ed6c599/threaded/ThreeDanger-r2/runs/20260927T234912-1a4772e819,0,0,17.63062678352228,19.840872891313385,25.0,1650.0,66.0,0,0,0,0,PASS,0,N/A,N/A,N/A,N/A,0,0
ThreeDanger.mp4,optimized,2,COMPLETED,EVALUATED,,,/home/geonug/kdt-linux/team_project/team_project/outputs/experiments/batch-20260927T234749-1ed6c599/optimized/ThreeDanger-r2,1650,1620,3.351680511026643,483.33962460633893,0,0,2,N/A,0.0,0.0,N/A,0,0,/home/geonug/kdt-linux/team_project/team_project/outputs/experiments/batch-20260927T234749-1ed6c599/optimized/ThreeDanger-r2/runs/20260927T234916-9c49bb1c4c,0,0,18.281103024851348,20.560706933790726,25.0,1650.0,66.0,0,0,0,0,PASS,0,N/A,N/A,N/A,N/A,0,0
ThreeDanger.mp4,baseline,2,COMPLETED,EVALUATED,,,/home/geonug/kdt-linux/team_project/team_project/outputs/experiments/batch-20260927T234749-1ed6c599/baseline/ThreeDanger-r2,1650,1620,3.25716820708476,497.36455012556354,0,0,2,N/A,0.0,0.0,N/A,0,0,/home/geonug/kdt-linux/team_project/team_project/outputs/experiments/batch-20260927T234749-1ed6c599/baseline/ThreeDanger-r2/runs/20260927T234920-eba103f4a1,0,0,0.004595187047128508,2.0005353878792604,25.0,1650.0,66.0,0,0,0,0,PASS,0,N/A,N/A,N/A,N/A,0,0
Near_walk.mp4,threaded,2,COMPLETED,EVALUATED,,,/home/geonug/kdt-linux/team_project/team_project/outputs/experiments/batch-20260927T234749-1ed6c599/threaded/Near_walk-r2,725,695,1.654636388993822,420.0318599439402,0,0,0,N/A,N/A,N/A,N/A,0,0,/home/geonug/kdt-linux/team_project/team_project/outputs/experiments/batch-20260927T234749-1ed6c599/threaded/Near_walk-r2/runs/20260927T234923-9541ec0ce6,0,0,21.00164146889537,23.62937577866125,25.0,725.0,29.0,0,0,0,0,PASS,0,N/A,N/A,N/A,N/A,0,0
Near_walk.mp4,optimized,2,COMPLETED,EVALUATED,,,/home/geonug/kdt-linux/team_project/team_project/outputs/experiments/batch-20260927T234749-1ed6c599/optimized/Near_walk-r2,725,695,1.9386744779767469,358.4923657350257,0,0,0,N/A,N/A,N/A,N/A,0,0,/home/geonug/kdt-linux/team_project/team_project/outputs/experiments/batch-20260927T234749-1ed6c599/optimized/Near_walk-r2/runs/20260927T234925-4d26a5df82,0,0,24.592474588233202,27.680449509195878,25.0,725.0,29.0,0,0,0,0,PASS,0,N/A,N/A,N/A,N/A,0,0
Near_walk.mp4,baseline,2,COMPLETED,EVALUATED,,,/home/geonug/kdt-linux/team_project/team_project/outputs/experiments/batch-20260927T234749-1ed6c599/baseline/Near_walk-r2,725,695,2.2792314620455727,304.9273457186524,0,0,0,N/A,N/A,N/A,N/A,0,0,/home/geonug/kdt-linux/team_project/team_project/outputs/experiments/batch-20260927T234749-1ed6c599/baseline/Near_walk-r2/runs/20260927T234928-fe4cb4dbb7,0,0,0.008477299078870163,3.2568591717201816,25.0,725.0,29.0,0,0,0,0,PASS,0,N/A,N/A,N/A,N/A,0,0
LeftBox.mp4,threaded,2,COMPLETED,EVALUATED,,,/home/geonug/kdt-linux/team_project/team_project/outputs/experiments/batch-20260927T234749-1ed6c599/threaded/LeftBox-r2,871,841,2.489211868029088,337.8579424281342,1,2,0,0.3333333333333333,1.0,0.5,0.0,3,3,/home/geonug/kdt-linux/team_project/team_project/outputs/experiments/batch-20260927T234749-1ed6c599/threaded/LeftBox-r2/runs/20260927T234930-796ae18fee,0,0,26.339473467354534,29.539211038289665,25.0,871.0,34.84,0,3,3,1,PASS,2,0.6666666666666666,N/A,0.0,0.0,1,0.0
LeftBox.mp4,optimized,2,COMPLETED,EVALUATED,,,/home/geonug/kdt-linux/team_project/team_project/outputs/experiments/batch-20260927T234749-1ed6c599/optimized/LeftBox-r2,871,841,2.5677061079768464,327.5296956249572,1,2,0,0.3333333333333333,1.0,0.5,0.0,3,3,/home/geonug/kdt-linux/team_project/team_project/outputs/experiments/batch-20260927T234749-1ed6c599/optimized/LeftBox-r2/runs/20260927T234933-870245b060,0,0,27.108445992957975,30.409685549366106,25.0,871.0,34.84,0,3,3,1,PASS,2,0.6666666666666666,N/A,0.0,0.0,1,0.0
LeftBox.mp4,baseline,2,COMPLETED,EVALUATED,,,/home/geonug/kdt-linux/team_project/team_project/outputs/experiments/batch-20260927T234749-1ed6c599/baseline/LeftBox-r2,871,841,2.196671921061352,382.8518915076128,1,2,0,0.3333333333333333,1.0,0.5,0.0,3,3,/home/geonug/kdt-linux/team_project/team_project/outputs/experiments/batch-20260927T234749-1ed6c599/baseline/LeftBox-r2/runs/20260927T234936-b2400a5259,0,0,0.00499312361141979,2.600165558248032,25.0,871.0,34.84,0,3,3,1,PASS,2,0.6666666666666666,N/A,0.0,0.0,1,0.0
long_stay.mp4,threaded,2,COMPLETED,EVALUATED,,,/home/geonug/kdt-linux/team_project/team_project/outputs/experiments/batch-20260927T234749-1ed6c599/threaded/long_stay-r2,1903,1873,3.1552579309791327,593.6123261462732,1,0,0,1.0,1.0,1.0,0.0,1,1,/home/geonug/kdt-linux/team_project/team_project/outputs/experiments/batch-20260927T234749-1ed6c599/threaded/long_stay-r2/runs/20260927T234939-d3ef9ef964,0,0,14.875478745680311,16.759045293666045,25.0,1903.0,76.12,0,1,1,0,PASS,0,0.0,N/A,0.0,0.0,1,0.0
long_stay.mp4,optimized,2,COMPLETED,EVALUATED,,,/home/geonug/kdt-linux/team_project/team_project/outputs/experiments/batch-20260927T234749-1ed6c599/optimized/long_stay-r2,1903,1873,3.3382419530535117,561.0737706674481,1,0,0,1.0,1.0,1.0,0.0,1,1,/home/geonug/kdt-linux/team_project/team_project/outputs/experiments/batch-20260927T234749-1ed6c599/optimized/long_stay-r2/runs/20260927T234942-34b3361189,0,0,15.757371111983286,17.757551557371006,25.0,1903.0,76.12,0,1,1,0,PASS,0,0.0,N/A,0.0,0.0,1,0.0
long_stay.mp4,baseline,2,COMPLETED,EVALUATED,,,/home/geonug/kdt-linux/team_project/team_project/outputs/experiments/batch-20260927T234749-1ed6c599/baseline/long_stay-r2,1903,1873,3.4640398980118334,540.6981602824488,1,0,0,1.0,1.0,1.0,0.0,1,1,/home/geonug/kdt-linux/team_project/team_project/outputs/experiments/batch-20260927T234749-1ed6c599/baseline/long_stay-r2/runs/20260927T234946-62dc740f42,0,0,0.00466724868378519,1.8392275466677648,25.0,1903.0,76.12,0,1,1,0,PASS,0,0.0,N/A,0.0,0.0,1,0.0
Rest.mp4,optimized,3,COMPLETED,EVALUATED,,,/home/geonug/kdt-linux/team_project/team_project/outputs/experiments/batch-20260927T234749-1ed6c599/optimized/Rest-r3,1015,985,1.737802611081861,566.8077569447273,1,0,0,1.0,1.0,1.0,1.0799999999999983,1,1,/home/geonug/kdt-linux/team_project/team_project/outputs/experiments/batch-20260927T234749-1ed6c599/optimized/Rest-r3/runs/20260927T234950-10e35cc83d,0,0,15.57846855476196,17.55189726609018,25.0,1015.0,40.6,0,1,1,1,PASS,0,0.0,N/A,1.0799999999999983,1.0799999999999983,1,1.0799999999999983
Rest.mp4,baseline,3,COMPLETED,EVALUATED,,,/home/geonug/kdt-linux/team_project/team_project/outputs/experiments/batch-20260927T234749-1ed6c599/baseline/Rest-r3,1015,985,1.6735560719389468,588.5670737394533,1,0,0,1.0,1.0,1.0,1.0799999999999983,1,1,/home/geonug/kdt-linux/team_project/team_project/outputs/experiments/batch-20260927T234749-1ed6c599/baseline/Rest-r3/runs/20260927T234952-58e0a8507a,0,0,0.0035187386704353513,1.6896883903903328,25.0,1015.0,40.6,0,1,1,1,PASS,0,0.0,N/A,1.0799999999999983,1.0799999999999983,1,1.0799999999999983
Rest.mp4,threaded,3,COMPLETED,EVALUATED,,,/home/geonug/kdt-linux/team_project/team_project/outputs/experiments/batch-20260927T234749-1ed6c599/threaded/Rest-r3,1015,985,1.8131956920260563,543.2397640981408,1,0,0,1.0,1.0,1.0,1.0799999999999983,1,1,/home/geonug/kdt-linux/team_project/team_project/outputs/experiments/batch-20260927T234749-1ed6c599/threaded/Rest-r3/runs/20260927T234954-9b3a8f2545,0,0,16.25242666305908,18.321105072671916,25.0,1015.0,40.6,0,1,1,1,PASS,0,0.0,N/A,1.0799999999999983,1.0799999999999983,1,1.0799999999999983
Browse.mp4,optimized,3,COMPLETED,EVALUATED,,,/home/geonug/kdt-linux/team_project/team_project/outputs/experiments/batch-20260927T234749-1ed6c599/optimized/Browse-r3,1051,1021,2.46866011491511,413.5846785190634,1,2,0,0.3333333333333333,1.0,0.5,0.8,3,3,/home/geonug/kdt-linux/team_project/team_project/outputs/experiments/batch-20260927T234749-1ed6c599/optimized/Browse-r3/runs/20260927T234956-6e4bee93a2,0,0,21.34063850835615,23.995484506855487,25.0,1051.0,42.04,1,3,3,3,PASS,2,0.6666666666666666,N/A,0.8,0.8,1,0.8
Browse.mp4,baseline,3,COMPLETED,EVALUATED,,,/home/geonug/kdt-linux/team_project/team_project/outputs/experiments/batch-20260927T234749-1ed6c599/baseline/Browse-r3,1051,1021,2.7235119339311495,374.8836152615188,1,2,0,0.3333333333333333,1.0,0.5,0.8,3,3,/home/geonug/kdt-linux/team_project/team_project/outputs/experiments/batch-20260927T234749-1ed6c599/baseline/Browse-r3/runs/20260927T234959-99a2cf2ec6,0,0,0.005966783856952984,2.6534516001749604,25.0,1051.0,42.04,1,3,3,3,PASS,2,0.6666666666666666,N/A,0.8,0.8,1,0.8
Browse.mp4,threaded,3,COMPLETED,EVALUATED,,,/home/geonug/kdt-linux/team_project/team_project/outputs/experiments/batch-20260927T234749-1ed6c599/threaded/Browse-r3,1051,1021,2.2467752939555794,454.42906673700764,1,2,0,0.3333333333333333,1.0,0.5,0.8,3,3,/home/geonug/kdt-linux/team_project/team_project/outputs/experiments/batch-20260927T234749-1ed6c599/threaded/Browse-r3/runs/20260927T235002-6c3201f340,0,0,19.43048397063147,21.84239837824915,25.0,1051.0,42.04,1,3,3,3,PASS,2,0.6666666666666666,N/A,0.8,0.8,1,0.8
Danger.mp4,optimized,3,COMPLETED,EVALUATED,,,/home/geonug/kdt-linux/team_project/team_project/outputs/experiments/batch-20260927T234749-1ed6c599/optimized/Danger-r3,1500,1470,2.929246918996796,501.83546851811434,2,1,0,0.6666666666666666,1.0,0.8,1.4800000000000004,3,3,/home/geonug/kdt-linux/team_project/team_project/outputs/experiments/batch-20260927T234749-1ed6c599/optimized/Danger-r3/runs/20260927T235005-643fe33327,0,0,17.651286290730443,19.829385698421344,25.0,1500.0,60.0,0,3,3,0,PASS,1,0.3333333333333333,N/A,0.8800000000000008,2.08,2,2.960000000000001
Danger.mp4,baseline,3,COMPLETED,EVALUATED,,,/home/geonug/kdt-linux/team_project/team_project/outputs/experiments/batch-20260927T234749-1ed6c599/baseline/Danger-r3,1500,1470,2.9727456010878086,494.49236404961357,2,1,0,0.6666666666666666,1.0,0.8,1.4800000000000004,3,3,/home/geonug/kdt-linux/team_project/team_project/outputs/experiments/batch-20260927T234749-1ed6c599/baseline/Danger-r3/runs/20260927T235008-e29c7aa1ab,0,0,0.0043110537095641605,2.011373965861593,25.0,1500.0,60.0,0,3,3,0,PASS,1,0.3333333333333333,N/A,0.8800000000000008,2.08,2,2.960000000000001
Danger.mp4,threaded,3,COMPLETED,EVALUATED,,,/home/geonug/kdt-linux/team_project/team_project/outputs/experiments/batch-20260927T234749-1ed6c599/threaded/Danger-r3,1500,1470,2.7739100969629362,529.9378669876342,2,1,0,0.6666666666666666,1.0,0.8,1.4800000000000004,3,3,/home/geonug/kdt-linux/team_project/team_project/outputs/experiments/batch-20260927T234749-1ed6c599/threaded/Danger-r3/runs/20260927T235011-91a49ed4de,0,0,16.73398791680898,18.797672800735576,25.0,1500.0,60.0,0,3,3,0,PASS,1,0.3333333333333333,N/A,0.8800000000000008,2.08,2,2.960000000000001
ThreeDanger.mp4,optimized,3,COMPLETED,EVALUATED,,,/home/geonug/kdt-linux/team_project/team_project/outputs/experiments/batch-20260927T234749-1ed6c599/optimized/ThreeDanger-r3,1650,1620,3.03832129703369,533.1891665248189,0,0,2,N/A,0.0,0.0,N/A,0,0,/home/geonug/kdt-linux/team_project/team_project/outputs/experiments/batch-20260927T234749-1ed6c599/optimized/ThreeDanger-r3/runs/20260927T235015-012ec42fee,0,0,16.607036827028626,18.686756471036876,25.0,1650.0,66.0,0,0,0,0,PASS,0,N/A,N/A,N/A,N/A,0,0
ThreeDanger.mp4,baseline,3,COMPLETED,EVALUATED,,,/home/geonug/kdt-linux/team_project/team_project/outputs/experiments/batch-20260927T234749-1ed6c599/baseline/ThreeDanger-r3,1650,1620,3.0202921320451424,536.371956477946,0,0,2,N/A,0.0,0.0,N/A,0,0,/home/geonug/kdt-linux/team_project/team_project/outputs/experiments/batch-20260927T234749-1ed6c599/baseline/ThreeDanger-r3/runs/20260927T235018-87d9edff8a,0,0,0.004054188590358805,1.8549447754875148,25.0,1650.0,66.0,0,0,0,0,PASS,0,N/A,N/A,N/A,N/A,0,0
ThreeDanger.mp4,threaded,3,COMPLETED,EVALUATED,,,/home/geonug/kdt-linux/team_project/team_project/outputs/experiments/batch-20260927T234749-1ed6c599/threaded/ThreeDanger-r3,1650,1620,2.900737705989741,558.47862309469,0,0,2,N/A,0.0,0.0,N/A,0,0,/home/geonug/kdt-linux/team_project/team_project/outputs/experiments/batch-20260927T234749-1ed6c599/threaded/ThreeDanger-r3/runs/20260927T235021-3fb6d2151c,0,0,15.84343523078851,17.82821316141233,25.0,1650.0,66.0,0,0,0,0,PASS,0,N/A,N/A,N/A,N/A,0,0
Near_walk.mp4,optimized,3,COMPLETED,EVALUATED,,,/home/geonug/kdt-linux/team_project/team_project/outputs/experiments/batch-20260927T234749-1ed6c599/optimized/Near_walk-r3,725,695,1.1449635738972574,607.0062103673224,0,0,0,N/A,N/A,N/A,N/A,0,0,/home/geonug/kdt-linux/team_project/team_project/outputs/experiments/batch-20260927T234749-1ed6c599/optimized/Near_walk-r3/runs/20260927T235025-368a7a680a,0,0,14.534639301642828,16.38044579718396,25.0,725.0,29.0,0,0,0,0,PASS,0,N/A,N/A,N/A,N/A,0,0
Near_walk.mp4,baseline,3,COMPLETED,EVALUATED,,,/home/geonug/kdt-linux/team_project/team_project/outputs/experiments/batch-20260927T234749-1ed6c599/baseline/Near_walk-r3,725,695,1.162797524011694,597.6964911330604,0,0,0,N/A,N/A,N/A,N/A,0,0,/home/geonug/kdt-linux/team_project/team_project/outputs/experiments/batch-20260927T234749-1ed6c599/baseline/Near_walk-r3/runs/20260927T235026-edc7583a46,0,0,0.003987647050308238,1.6646479933167533,25.0,725.0,29.0,0,0,0,0,PASS,0,N/A,N/A,N/A,N/A,0,0
Near_walk.mp4,threaded,3,COMPLETED,EVALUATED,,,/home/geonug/kdt-linux/team_project/team_project/outputs/experiments/batch-20260927T234749-1ed6c599/threaded/Near_walk-r3,725,695,1.2093874959973618,574.6710647333467,0,0,0,N/A,N/A,N/A,N/A,0,0,/home/geonug/kdt-linux/team_project/team_project/outputs/experiments/batch-20260927T234749-1ed6c599/threaded/Near_walk-r3/runs/20260927T235028-012bf24a9d,0,0,15.279096649731878,17.21885331769025,25.0,725.0,29.0,0,0,0,0,PASS,0,N/A,N/A,N/A,N/A,0,0
LeftBox.mp4,optimized,3,COMPLETED,EVALUATED,,,/home/geonug/kdt-linux/team_project/team_project/outputs/experiments/batch-20260927T234749-1ed6c599/optimized/LeftBox-r3,871,841,2.1127766841091216,398.05437381311225,1,2,0,0.3333333333333333,1.0,0.5,0.0,3,3,/home/geonug/kdt-linux/team_project/team_project/outputs/experiments/batch-20260927T234749-1ed6c599/optimized/LeftBox-r3/runs/20260927T235029-a9f747ab22,0,0,22.319060588763822,25.03075918770206,25.0,871.0,34.84,0,3,3,1,PASS,2,0.6666666666666666,N/A,0.0,0.0,1,0.0
LeftBox.mp4,baseline,3,COMPLETED,EVALUATED,,,/home/geonug/kdt-linux/team_project/team_project/outputs/experiments/batch-20260927T234749-1ed6c599/baseline/LeftBox-r3,871,841,2.006344571011141,419.1702722210671,1,2,0,0.3333333333333333,1.0,0.5,0.0,3,3,/home/geonug/kdt-linux/team_project/team_project/outputs/experiments/batch-20260927T234749-1ed6c599/baseline/LeftBox-r3/runs/20260927T235032-bc53e52d05,0,0,0.004631484328247563,2.3748275348263284,25.0,871.0,34.84,0,3,3,1,PASS,2,0.6666666666666666,N/A,0.0,0.0,1,0.0
LeftBox.mp4,threaded,3,COMPLETED,EVALUATED,,,/home/geonug/kdt-linux/team_project/team_project/outputs/experiments/batch-20260927T234749-1ed6c599/threaded/LeftBox-r3,871,841,2.0676244070054963,406.7469880654027,1,2,0,0.3333333333333333,1.0,0.5,0.0,3,3,/home/geonug/kdt-linux/team_project/team_project/outputs/experiments/batch-20260927T234749-1ed6c599/threaded/LeftBox-r3/runs/20260927T235034-7ee25c00aa,0,0,21.808215771335554,24.47092379626068,25.0,871.0,34.84,0,3,3,1,PASS,2,0.6666666666666666,N/A,0.0,0.0,1,0.0
long_stay.mp4,optimized,3,COMPLETED,EVALUATED,,,/home/geonug/kdt-linux/team_project/team_project/outputs/experiments/batch-20260927T234749-1ed6c599/optimized/long_stay-r3,1903,1873,3.1630546969827265,592.1491025073565,1,0,0,1.0,1.0,1.0,0.0,1,1,/home/geonug/kdt-linux/team_project/team_project/outputs/experiments/batch-20260927T234749-1ed6c599/optimized/long_stay-r3/runs/20260927T235036-34d9ec71ae,0,0,14.921761906242871,16.80889928140874,25.0,1903.0,76.12,0,1,1,0,PASS,0,0.0,N/A,0.0,0.0,1,0.0
long_stay.mp4,baseline,3,COMPLETED,EVALUATED,,,/home/geonug/kdt-linux/team_project/team_project/outputs/experiments/batch-20260927T234749-1ed6c599/baseline/long_stay-r3,1903,1873,3.0671963200438768,610.6554014035875,1,0,0,1.0,1.0,1.0,0.0,1,1,/home/geonug/kdt-linux/team_project/team_project/outputs/experiments/batch-20260927T234749-1ed6c599/baseline/long_stay-r3/runs/20260927T235040-7c40333e06,0,0,0.003869960544997845,1.628249974894495,25.0,1903.0,76.12,0,1,1,0,PASS,0,0.0,N/A,0.0,0.0,1,0.0
long_stay.mp4,threaded,3,COMPLETED,EVALUATED,,,/home/geonug/kdt-linux/team_project/team_project/outputs/experiments/batch-20260927T234749-1ed6c599/threaded/long_stay-r3,1903,1873,3.1034564439905807,603.520633784569,1,0,0,1.0,1.0,1.0,0.0,1,1,/home/geonug/kdt-linux/team_project/team_project/outputs/experiments/batch-20260927T234749-1ed6c599/threaded/long_stay-r3/runs/20260927T235043-f36a1fe030,0,0,14.632791219337843,16.48441068537223,25.0,1903.0,76.12,0,1,1,0,PASS,0,0.0,N/A,0.0,0.0,1,0.0
