video,mode,repeat,evaluation_status,false_positive_count,false_discovery_fraction,fpr
Rest.mp4,baseline,1,EVALUATED,0,0.0,N/A
Rest.mp4,threaded,1,EVALUATED,0,0.0,N/A
Rest.mp4,optimized,1,EVALUATED,0,0.0,N/A
Browse.mp4,baseline,1,EVALUATED,2,0.6666666666666666,N/A
Browse.mp4,threaded,1,EVALUATED,2,0.6666666666666666,N/A
Browse.mp4,optimized,1,EVALUATED,2,0.6666666666666666,N/A
Danger.mp4,baseline,1,EVALUATED,1,0.3333333333333333,N/A
Danger.mp4,threaded,1,EVALUATED,1,0.3333333333333333,N/A
Danger.mp4,optimized,1,EVALUATED,1,0.3333333333333333,N/A
ThreeDanger.mp4,baseline,1,EVALUATED,0,N/A,N/A
ThreeDanger.mp4,threaded,1,EVALUATED,0,N/A,N/A
ThreeDanger.mp4,optimized,1,EVALUATED,0,N/A,N/A
Near_walk.mp4,baseline,1,EVALUATED,0,N/A,N/A
Near_walk.mp4,threaded,1,EVALUATED,0,N/A,N/A
Near_walk.mp4,optimized,1,EVALUATED,0,N/A,N/A
LeftBox.mp4,baseline,1,EVALUATED,2,0.6666666666666666,N/A
LeftBox.mp4,threaded,1,EVALUATED,2,0.6666666666666666,N/A
LeftBox.mp4,optimized,1,EVALUATED,2,0.6666666666666666,N/A
long_stay.mp4,baseline,1,EVALUATED,0,0.0,N/A
long_stay.mp4,threaded,1,EVALUATED,0,0.0,N/A
long_stay.mp4,optimized,1,EVALUATED,0,0.0,N/A
Rest.mp4,threaded,2,EVALUATED,0,0.0,N/A
Rest.mp4,optimized,2,EVALUATED,0,0.0,N/A
Rest.mp4,baseline,2,EVALUATED,0,0.0,N/A
Browse.mp4,threaded,2,EVALUATED,2,0.6666666666666666,N/A
Browse.mp4,optimized,2,EVALUATED,2,0.6666666666666666,N/A
Browse.mp4,baseline,2,EVALUATED,2,0.6666666666666666,N/A
Danger.mp4,threaded,2,EVALUATED,1,0.3333333333333333,N/A
Danger.mp4,optimized,2,EVALUATED,1,0.3333333333333333,N/A
Danger.mp4,baseline,2,EVALUATED,1,0.3333333333333333,N/A
ThreeDanger.mp4,threaded,2,EVALUATED,0,N/A,N/A
ThreeDanger.mp4,optimized,2,EVALUATED,0,N/A,N/A
ThreeDanger.mp4,baseline,2,EVALUATED,0,N/A,N/A
Near_walk.mp4,threaded,2,EVALUATED,0,N/A,N/A
Near_walk.mp4,optimized,2,EVALUATED,0,N/A,N/A
Near_walk.mp4,baseline,2,EVALUATED,0,N/A,N/A
LeftBox.mp4,threaded,2,EVALUATED,2,0.6666666666666666,N/A
LeftBox.mp4,optimized,2,EVALUATED,2,0.6666666666666666,N/A
LeftBox.mp4,baseline,2,EVALUATED,2,0.6666666666666666,N/A
long_stay.mp4,threaded,2,EVALUATED,0,0.0,N/A
long_stay.mp4,optimized,2,EVALUATED,0,0.0,N/A
long_stay.mp4,baseline,2,EVALUATED,0,0.0,N/A
Rest.mp4,optimized,3,EVALUATED,0,0.0,N/A
Rest.mp4,baseline,3,EVALUATED,0,0.0,N/A
Rest.mp4,threaded,3,EVALUATED,0,0.0,N/A
Browse.mp4,optimized,3,EVALUATED,2,0.6666666666666666,N/A
Browse.mp4,baseline,3,EVALUATED,2,0.6666666666666666,N/A
Browse.mp4,threaded,3,EVALUATED,2,0.6666666666666666,N/A
Danger.mp4,optimized,3,EVALUATED,1,0.3333333333333333,N/A
Danger.mp4,baseline,3,EVALUATED,1,0.3333333333333333,N/A
Danger.mp4,threaded,3,EVALUATED,1,0.3333333333333333,N/A
ThreeDanger.mp4,optimized,3,EVALUATED,0,N/A,N/A
ThreeDanger.mp4,baseline,3,EVALUATED,0,N/A,N/A
ThreeDanger.mp4,threaded,3,EVALUATED,0,N/A,N/A
Near_walk.mp4,optimized,3,EVALUATED,0,N/A,N/A
Near_walk.mp4,baseline,3,EVALUATED,0,N/A,N/A
Near_walk.mp4,threaded,3,EVALUATED,0,N/A,N/A
LeftBox.mp4,optimized,3,EVALUATED,2,0.6666666666666666,N/A
LeftBox.mp4,baseline,3,EVALUATED,2,0.6666666666666666,N/A
LeftBox.mp4,threaded,3,EVALUATED,2,0.6666666666666666,N/A
long_stay.mp4,optimized,3,EVALUATED,0,0.0,N/A
long_stay.mp4,baseline,3,EVALUATED,0,0.0,N/A
long_stay.mp4,threaded,3,EVALUATED,0,0.0,N/A
