video,mode,repeat,fps,improvement_percent,status
Rest.mp4,baseline,1,557.8779176257308,0.0,COMPLETED
Rest.mp4,threaded,1,539.9718421144753,-3.2096763369774295,COMPLETED
Rest.mp4,optimized,1,536.3931843696436,-3.8511531962985734,COMPLETED
Browse.mp4,baseline,1,398.91994655727706,0.0,COMPLETED
Browse.mp4,threaded,1,449.69655053559023,12.728519698380802,COMPLETED
Browse.mp4,optimized,1,435.4068103391788,9.146412481197629,COMPLETED
Danger.mp4,baseline,1,479.97639989238195,0.0,COMPLETED
Danger.mp4,threaded,1,426.86552756969405,-11.065309114072308,COMPLETED
Danger.mp4,optimized,1,523.8875847808342,9.148613327300637,COMPLETED
ThreeDanger.mp4,baseline,1,542.148880822239,0.0,COMPLETED
ThreeDanger.mp4,threaded,1,552.5986102560922,1.9274649092708485,COMPLETED
ThreeDanger.mp4,optimized,1,550.7001984703043,1.577300618069355,COMPLETED
Near_walk.mp4,baseline,1,631.3437585631087,0.0,COMPLETED
Near_walk.mp4,threaded,1,618.62716550509,-2.014210623854229,COMPLETED
Near_walk.mp4,optimized,1,610.7479650231908,-3.262215435025828,COMPLETED
LeftBox.mp4,baseline,1,405.52400614725923,0.0,COMPLETED
LeftBox.mp4,threaded,1,410.1102051121862,1.130931559021331,COMPLETED
LeftBox.mp4,optimized,1,390.226191745036,-3.772357288428474,COMPLETED
long_stay.mp4,baseline,1,526.7350464190384,0.0,COMPLETED
long_stay.mp4,threaded,1,546.3258921747622,3.71929794474668,COMPLETED
long_stay.mp4,optimized,1,589.5449546926075,11.924383748637313,COMPLETED
Rest.mp4,threaded,2,613.8501612196935,14.741986476519141,COMPLETED
Rest.mp4,optimized,2,497.92423348555025,-6.927098379497442,COMPLETED
Rest.mp4,baseline,2,534.9830346063532,0.0,COMPLETED
Browse.mp4,threaded,2,434.9228417120143,-5.738725753430163,COMPLETED
Browse.mp4,optimized,2,462.98347679999733,0.3428845136909775,COMPLETED
Browse.mp4,baseline,2,461.4014028436934,0.0,COMPLETED
Danger.mp4,threaded,2,481.8087844301269,-5.275535265248044,COMPLETED
Danger.mp4,optimized,2,517.953692843804,1.830618074031154,COMPLETED
Danger.mp4,baseline,2,508.642393260591,0.0,COMPLETED
ThreeDanger.mp4,threaded,2,501.73485603048374,0.8786926820210317,COMPLETED
ThreeDanger.mp4,optimized,2,483.33962460633893,-2.819848241231493,COMPLETED
ThreeDanger.mp4,baseline,2,497.36455012556354,0.0,COMPLETED
Near_walk.mp4,threaded,2,420.0318599439402,37.748177013776704,COMPLETED
Near_walk.mp4,optimized,2,358.4923657350257,17.56648617070775,COMPLETED
Near_walk.mp4,baseline,2,304.9273457186524,0.0,COMPLETED
LeftBox.mp4,threaded,2,337.8579424281342,-11.75231207616585,COMPLETED
LeftBox.mp4,optimized,2,327.5296956249572,-14.450025482388284,COMPLETED
LeftBox.mp4,baseline,2,382.8518915076128,0.0,COMPLETED
long_stay.mp4,threaded,2,593.6123261462732,9.786267043369111,COMPLETED
long_stay.mp4,optimized,2,561.0737706674481,3.768389072075906,COMPLETED
long_stay.mp4,baseline,2,540.6981602824488,0.0,COMPLETED
Rest.mp4,optimized,3,566.8077569447273,-3.696998654117445,COMPLETED
Rest.mp4,baseline,3,588.5670737394533,0.0,COMPLETED
Rest.mp4,threaded,3,543.2397640981408,-7.701298911154863,COMPLETED
Browse.mp4,optimized,3,413.5846785190634,10.323487525734286,COMPLETED
Browse.mp4,baseline,3,374.8836152615188,0.0,COMPLETED
Browse.mp4,threaded,3,454.42906673700764,21.218705816203244,COMPLETED
Danger.mp4,optimized,3,501.83546851811434,1.484978333813869,COMPLETED
Danger.mp4,baseline,3,494.49236404961357,0.0,COMPLETED
Danger.mp4,threaded,3,529.9378669876342,7.168058703220792,COMPLETED
ThreeDanger.mp4,optimized,3,533.1891665248189,-0.5933923119371687,COMPLETED
ThreeDanger.mp4,baseline,3,536.371956477946,0.0,COMPLETED
ThreeDanger.mp4,threaded,3,558.47862309469,4.121517978289924,COMPLETED
Near_walk.mp4,optimized,3,607.0062103673224,1.5575997805530761,COMPLETED
Near_walk.mp4,baseline,3,597.6964911330604,0.0,COMPLETED
Near_walk.mp4,threaded,3,574.6710647333467,-3.852360979410141,COMPLETED
LeftBox.mp4,optimized,3,398.05437381311225,-5.0375467458766865,COMPLETED
LeftBox.mp4,baseline,3,419.1702722210671,0.0,COMPLETED
LeftBox.mp4,threaded,3,406.7469880654027,-2.9637798715631325,COMPLETED
long_stay.mp4,optimized,3,592.1491025073565,-3.030563367440031,COMPLETED
long_stay.mp4,baseline,3,610.6554014035875,0.0,COMPLETED
long_stay.mp4,threaded,3,603.520633784569,-1.1683786964987508,COMPLETED
