line,video,original_zone,zone,original_type,normalized_type,start_time,end_time,mode,repeat
2,Rest.mp4,/data/zone_setting_1.json,zone1,intrusion,intrusion,36,39,baseline,1
2,Rest.mp4,/data/zone_setting_1.json,zone1,intrusion,intrusion,36,39,threaded,1
2,Rest.mp4,/data/zone_setting_1.json,zone1,intrusion,intrusion,36,39,optimized,1
3,Browse.mp4,/data/zone_setting_1.json,zone1,intrusion,intrusion,1,6,baseline,1
3,Browse.mp4,/data/zone_setting_1.json,zone1,intrusion,intrusion,1,6,threaded,1
3,Browse.mp4,/data/zone_setting_1.json,zone1,intrusion,intrusion,1,6,optimized,1
4,Danger.mp4,/data/zone_setting_2.json,zone1,intrusion,intrusion,8,10,baseline,1
5,Danger.mp4,/data/zone_setting_2.json,zone1,intrusion,intrusion,12,13,baseline,1
4,Danger.mp4,/data/zone_setting_2.json,zone1,intrusion,intrusion,8,10,threaded,1
5,Danger.mp4,/data/zone_setting_2.json,zone1,intrusion,intrusion,12,13,threaded,1
4,Danger.mp4,/data/zone_setting_2.json,zone1,intrusion,intrusion,8,10,optimized,1
5,Danger.mp4,/data/zone_setting_2.json,zone1,intrusion,intrusion,12,13,optimized,1
6,ThreeDanger.mp4,/data/zone_setting_2.json,zone1,intrusion,intrusion,10,11,baseline,1
7,ThreeDanger.mp4,/data/zone_setting_2.json,zone1,intrusion,intrusion,58,59,baseline,1
6,ThreeDanger.mp4,/data/zone_setting_2.json,zone1,intrusion,intrusion,10,11,threaded,1
7,ThreeDanger.mp4,/data/zone_setting_2.json,zone1,intrusion,intrusion,58,59,threaded,1
6,ThreeDanger.mp4,/data/zone_setting_2.json,zone1,intrusion,intrusion,10,11,optimized,1
7,ThreeDanger.mp4,/data/zone_setting_2.json,zone1,intrusion,intrusion,58,59,optimized,1
8,Near_walk.mp4,/data/zone_setting_2.json,zone1,none,normal,none,none,baseline,1
8,Near_walk.mp4,/data/zone_setting_2.json,zone1,none,normal,none,none,threaded,1
8,Near_walk.mp4,/data/zone_setting_2.json,zone1,none,normal,none,none,optimized,1
9,LeftBox.mp4,/data/zone_setting_1.json,zone1,intrusion,intrusion,1.56,34.84,baseline,1
9,LeftBox.mp4,/data/zone_setting_1.json,zone1,intrusion,intrusion,1.56,34.84,threaded,1
9,LeftBox.mp4,/data/zone_setting_1.json,zone1,intrusion,intrusion,1.56,34.84,optimized,1
10,long_stay.mp4,/data/zone_setting_1.json,zone1,intrusion,intrusion,34.44,76.12,baseline,1
10,long_stay.mp4,/data/zone_setting_1.json,zone1,intrusion,intrusion,34.44,76.12,threaded,1
10,long_stay.mp4,/data/zone_setting_1.json,zone1,intrusion,intrusion,34.44,76.12,optimized,1
2,Rest.mp4,/data/zone_setting_1.json,zone1,intrusion,intrusion,36,39,threaded,2
2,Rest.mp4,/data/zone_setting_1.json,zone1,intrusion,intrusion,36,39,optimized,2
2,Rest.mp4,/data/zone_setting_1.json,zone1,intrusion,intrusion,36,39,baseline,2
3,Browse.mp4,/data/zone_setting_1.json,zone1,intrusion,intrusion,1,6,threaded,2
3,Browse.mp4,/data/zone_setting_1.json,zone1,intrusion,intrusion,1,6,optimized,2
3,Browse.mp4,/data/zone_setting_1.json,zone1,intrusion,intrusion,1,6,baseline,2
4,Danger.mp4,/data/zone_setting_2.json,zone1,intrusion,intrusion,8,10,threaded,2
5,Danger.mp4,/data/zone_setting_2.json,zone1,intrusion,intrusion,12,13,threaded,2
4,Danger.mp4,/data/zone_setting_2.json,zone1,intrusion,intrusion,8,10,optimized,2
5,Danger.mp4,/data/zone_setting_2.json,zone1,intrusion,intrusion,12,13,optimized,2
4,Danger.mp4,/data/zone_setting_2.json,zone1,intrusion,intrusion,8,10,baseline,2
5,Danger.mp4,/data/zone_setting_2.json,zone1,intrusion,intrusion,12,13,baseline,2
6,ThreeDanger.mp4,/data/zone_setting_2.json,zone1,intrusion,intrusion,10,11,threaded,2
7,ThreeDanger.mp4,/data/zone_setting_2.json,zone1,intrusion,intrusion,58,59,threaded,2
6,ThreeDanger.mp4,/data/zone_setting_2.json,zone1,intrusion,intrusion,10,11,optimized,2
7,ThreeDanger.mp4,/data/zone_setting_2.json,zone1,intrusion,intrusion,58,59,optimized,2
6,ThreeDanger.mp4,/data/zone_setting_2.json,zone1,intrusion,intrusion,10,11,baseline,2
7,ThreeDanger.mp4,/data/zone_setting_2.json,zone1,intrusion,intrusion,58,59,baseline,2
8,Near_walk.mp4,/data/zone_setting_2.json,zone1,none,normal,none,none,threaded,2
8,Near_walk.mp4,/data/zone_setting_2.json,zone1,none,normal,none,none,optimized,2
8,Near_walk.mp4,/data/zone_setting_2.json,zone1,none,normal,none,none,baseline,2
9,LeftBox.mp4,/data/zone_setting_1.json,zone1,intrusion,intrusion,1.56,34.84,threaded,2
9,LeftBox.mp4,/data/zone_setting_1.json,zone1,intrusion,intrusion,1.56,34.84,optimized,2
9,LeftBox.mp4,/data/zone_setting_1.json,zone1,intrusion,intrusion,1.56,34.84,baseline,2
10,long_stay.mp4,/data/zone_setting_1.json,zone1,intrusion,intrusion,34.44,76.12,threaded,2
10,long_stay.mp4,/data/zone_setting_1.json,zone1,intrusion,intrusion,34.44,76.12,optimized,2
10,long_stay.mp4,/data/zone_setting_1.json,zone1,intrusion,intrusion,34.44,76.12,baseline,2
2,Rest.mp4,/data/zone_setting_1.json,zone1,intrusion,intrusion,36,39,optimized,3
2,Rest.mp4,/data/zone_setting_1.json,zone1,intrusion,intrusion,36,39,baseline,3
2,Rest.mp4,/data/zone_setting_1.json,zone1,intrusion,intrusion,36,39,threaded,3
3,Browse.mp4,/data/zone_setting_1.json,zone1,intrusion,intrusion,1,6,optimized,3
3,Browse.mp4,/data/zone_setting_1.json,zone1,intrusion,intrusion,1,6,baseline,3
3,Browse.mp4,/data/zone_setting_1.json,zone1,intrusion,intrusion,1,6,threaded,3
4,Danger.mp4,/data/zone_setting_2.json,zone1,intrusion,intrusion,8,10,optimized,3
5,Danger.mp4,/data/zone_setting_2.json,zone1,intrusion,intrusion,12,13,optimized,3
4,Danger.mp4,/data/zone_setting_2.json,zone1,intrusion,intrusion,8,10,baseline,3
5,Danger.mp4,/data/zone_setting_2.json,zone1,intrusion,intrusion,12,13,baseline,3
4,Danger.mp4,/data/zone_setting_2.json,zone1,intrusion,intrusion,8,10,threaded,3
5,Danger.mp4,/data/zone_setting_2.json,zone1,intrusion,intrusion,12,13,threaded,3
6,ThreeDanger.mp4,/data/zone_setting_2.json,zone1,intrusion,intrusion,10,11,optimized,3
7,ThreeDanger.mp4,/data/zone_setting_2.json,zone1,intrusion,intrusion,58,59,optimized,3
6,ThreeDanger.mp4,/data/zone_setting_2.json,zone1,intrusion,intrusion,10,11,baseline,3
7,ThreeDanger.mp4,/data/zone_setting_2.json,zone1,intrusion,intrusion,58,59,baseline,3
6,ThreeDanger.mp4,/data/zone_setting_2.json,zone1,intrusion,intrusion,10,11,threaded,3
7,ThreeDanger.mp4,/data/zone_setting_2.json,zone1,intrusion,intrusion,58,59,threaded,3
8,Near_walk.mp4,/data/zone_setting_2.json,zone1,none,normal,none,none,optimized,3
8,Near_walk.mp4,/data/zone_setting_2.json,zone1,none,normal,none,none,baseline,3
8,Near_walk.mp4,/data/zone_setting_2.json,zone1,none,normal,none,none,threaded,3
9,LeftBox.mp4,/data/zone_setting_1.json,zone1,intrusion,intrusion,1.56,34.84,optimized,3
9,LeftBox.mp4,/data/zone_setting_1.json,zone1,intrusion,intrusion,1.56,34.84,baseline,3
9,LeftBox.mp4,/data/zone_setting_1.json,zone1,intrusion,intrusion,1.56,34.84,threaded,3
10,long_stay.mp4,/data/zone_setting_1.json,zone1,intrusion,intrusion,34.44,76.12,optimized,3
10,long_stay.mp4,/data/zone_setting_1.json,zone1,intrusion,intrusion,34.44,76.12,baseline,3
10,long_stay.mp4,/data/zone_setting_1.json,zone1,intrusion,intrusion,34.44,76.12,threaded,3
