video_name,zone_name,start_time,end_time,event_type,mode,repeat
Rest.mp4,zone1,36.0,39.0,intrusion,baseline,1
Rest.mp4,zone1,36.0,39.0,intrusion,threaded,1
Rest.mp4,zone1,36.0,39.0,intrusion,optimized,1
Browse.mp4,zone1,1.0,6.0,intrusion,baseline,1
Browse.mp4,zone1,1.0,6.0,intrusion,threaded,1
Browse.mp4,zone1,1.0,6.0,intrusion,optimized,1
Danger.mp4,zone1,8.0,10.0,intrusion,baseline,1
Danger.mp4,zone1,12.0,13.0,intrusion,baseline,1
Danger.mp4,zone1,8.0,10.0,intrusion,threaded,1
Danger.mp4,zone1,12.0,13.0,intrusion,threaded,1
Danger.mp4,zone1,8.0,10.0,intrusion,optimized,1
Danger.mp4,zone1,12.0,13.0,intrusion,optimized,1
ThreeDanger.mp4,zone1,10.0,11.0,intrusion,baseline,1
ThreeDanger.mp4,zone1,58.0,59.0,intrusion,baseline,1
ThreeDanger.mp4,zone1,10.0,11.0,intrusion,threaded,1
ThreeDanger.mp4,zone1,58.0,59.0,intrusion,threaded,1
ThreeDanger.mp4,zone1,10.0,11.0,intrusion,optimized,1
ThreeDanger.mp4,zone1,58.0,59.0,intrusion,optimized,1
LeftBox.mp4,zone1,1.56,34.84,intrusion,baseline,1
LeftBox.mp4,zone1,1.56,34.84,intrusion,threaded,1
LeftBox.mp4,zone1,1.56,34.84,intrusion,optimized,1
long_stay.mp4,zone1,34.44,76.12,intrusion,baseline,1
long_stay.mp4,zone1,34.44,76.12,intrusion,threaded,1
long_stay.mp4,zone1,34.44,76.12,intrusion,optimized,1
Rest.mp4,zone1,36.0,39.0,intrusion,threaded,2
Rest.mp4,zone1,36.0,39.0,intrusion,optimized,2
Rest.mp4,zone1,36.0,39.0,intrusion,baseline,2
Browse.mp4,zone1,1.0,6.0,intrusion,threaded,2
Browse.mp4,zone1,1.0,6.0,intrusion,optimized,2
Browse.mp4,zone1,1.0,6.0,intrusion,baseline,2
Danger.mp4,zone1,8.0,10.0,intrusion,threaded,2
Danger.mp4,zone1,12.0,13.0,intrusion,threaded,2
Danger.mp4,zone1,8.0,10.0,intrusion,optimized,2
Danger.mp4,zone1,12.0,13.0,intrusion,optimized,2
Danger.mp4,zone1,8.0,10.0,intrusion,baseline,2
Danger.mp4,zone1,12.0,13.0,intrusion,baseline,2
ThreeDanger.mp4,zone1,10.0,11.0,intrusion,threaded,2
ThreeDanger.mp4,zone1,58.0,59.0,intrusion,threaded,2
ThreeDanger.mp4,zone1,10.0,11.0,intrusion,optimized,2
ThreeDanger.mp4,zone1,58.0,59.0,intrusion,optimized,2
ThreeDanger.mp4,zone1,10.0,11.0,intrusion,baseline,2
ThreeDanger.mp4,zone1,58.0,59.0,intrusion,baseline,2
LeftBox.mp4,zone1,1.56,34.84,intrusion,threaded,2
LeftBox.mp4,zone1,1.56,34.84,intrusion,optimized,2
LeftBox.mp4,zone1,1.56,34.84,intrusion,baseline,2
long_stay.mp4,zone1,34.44,76.12,intrusion,threaded,2
long_stay.mp4,zone1,34.44,76.12,intrusion,optimized,2
long_stay.mp4,zone1,34.44,76.12,intrusion,baseline,2
Rest.mp4,zone1,36.0,39.0,intrusion,optimized,3
Rest.mp4,zone1,36.0,39.0,intrusion,baseline,3
Rest.mp4,zone1,36.0,39.0,intrusion,threaded,3
Browse.mp4,zone1,1.0,6.0,intrusion,optimized,3
Browse.mp4,zone1,1.0,6.0,intrusion,baseline,3
Browse.mp4,zone1,1.0,6.0,intrusion,threaded,3
Danger.mp4,zone1,8.0,10.0,intrusion,optimized,3
Danger.mp4,zone1,12.0,13.0,intrusion,optimized,3
Danger.mp4,zone1,8.0,10.0,intrusion,baseline,3
Danger.mp4,zone1,12.0,13.0,intrusion,baseline,3
Danger.mp4,zone1,8.0,10.0,intrusion,threaded,3
Danger.mp4,zone1,12.0,13.0,intrusion,threaded,3
ThreeDanger.mp4,zone1,10.0,11.0,intrusion,optimized,3
ThreeDanger.mp4,zone1,58.0,59.0,intrusion,optimized,3
ThreeDanger.mp4,zone1,10.0,11.0,intrusion,baseline,3
ThreeDanger.mp4,zone1,58.0,59.0,intrusion,baseline,3
ThreeDanger.mp4,zone1,10.0,11.0,intrusion,threaded,3
ThreeDanger.mp4,zone1,58.0,59.0,intrusion,threaded,3
LeftBox.mp4,zone1,1.56,34.84,intrusion,optimized,3
LeftBox.mp4,zone1,1.56,34.84,intrusion,baseline,3
LeftBox.mp4,zone1,1.56,34.84,intrusion,threaded,3
long_stay.mp4,zone1,34.44,76.12,intrusion,optimized,3
long_stay.mp4,zone1,34.44,76.12,intrusion,baseline,3
long_stay.mp4,zone1,34.44,76.12,intrusion,threaded,3
