resolution,mode,runs,tp,fp,fn,precision,recall,f1,fps,alert_delay
192x144,baseline,4,4.0,2.0,2.0,0.6666666666666666,0.6666666666666666,0.6666666666666666,1055.9963600999467,1.2400000000000002
192x144,threaded,4,4.0,2.0,2.0,0.6666666666666666,0.6666666666666666,0.6666666666666666,1136.8771429306196,1.2400000000000002
192x144,optimized,4,4.0,2.0,2.0,0.6666666666666666,0.6666666666666666,0.6666666666666666,1143.3570480679925,1.2400000000000002
288x216,baseline,4,6.0,4.0,0.0,0.6,1.0,0.75,450.3021008809369,1.3200000000000003
288x216,threaded,4,6.0,4.0,0.0,0.6,1.0,0.75,567.8342558661241,1.3200000000000003
288x216,optimized,4,6.0,4.0,0.0,0.6,1.0,0.75,559.400392362454,1.3200000000000003
384x288,baseline,4,6.0,6.0,0.0,0.5,1.0,0.6666666666666666,449.15318237197664,1.2533333333333336
384x288,threaded,4,6.0,6.0,0.0,0.5,1.0,0.6666666666666666,453.6651515858058,1.2533333333333336
384x288,optimized,4,6.0,6.0,0.0,0.5,1.0,0.6666666666666666,453.64113836654064,1.2533333333333336
