video,mode,repeat,stage,mean_ms,p95_ms
Rest.mp4,baseline,1,read,0.1664821617541655,0.36880816332995886
Rest.mp4,baseline,1,queue_wait,0.003980251790265444,0.009454973042011256
Rest.mp4,baseline,1,preprocess,0.20559142121506221,0.4857840482145547
Rest.mp4,baseline,1,detect,1.1485479892642818,2.0823489641770716
Rest.mp4,baseline,1,intrusion,0.021956646507653187,0.0522914109751582
Rest.mp4,baseline,1,state,0.01906343619930109,0.043825828470289686
Rest.mp4,baseline,1,record,0.17626829833019203,0.7479913765564561
Rest.mp4,baseline,1,display,N/A,N/A
Rest.mp4,baseline,1,total,1.7822571779568184,3.2044882187619805
Rest.mp4,threaded,1,read,0.2470605960588543,0.4701651632785796
Rest.mp4,threaded,1,queue_wait,16.328953978189546,25.512071629054837
Rest.mp4,threaded,1,preprocess,0.24083242810752034,0.5540583981201053
Rest.mp4,threaded,1,detect,1.2681295994792114,2.3075339617207646
Rest.mp4,threaded,1,intrusion,0.022595139045438487,0.05519667174667119
Rest.mp4,threaded,1,state,0.02012366835538506,0.0470780301839113
Rest.mp4,threaded,1,record,0.22101624417331467,0.8172806119546293
Rest.mp4,threaded,1,display,N/A,N/A
Rest.mp4,threaded,1,total,18.394034678414275,28.5496870521456
Rest.mp4,optimized,1,read,0.2558387177736324,0.46194721944630135
Rest.mp4,optimized,1,queue_wait,16.452177689141276,23.771422822028395
Rest.mp4,optimized,1,preprocess,0.24379341080690248,0.5265265936031934
Rest.mp4,optimized,1,detect,1.269260286188065,2.2494264179840684
Rest.mp4,optimized,1,intrusion,0.024064240840069837,0.05495820660144085
Rest.mp4,optimized,1,state,0.02075149204941268,0.045081763528287404
Rest.mp4,optimized,1,record,0.22754080647952515,0.8173822425305843
Rest.mp4,optimized,1,display,N/A,N/A
Rest.mp4,optimized,1,total,18.53799886108012,26.823080587200817
Browse.mp4,baseline,1,read,0.20407312563333174,0.4181959666311741
Browse.mp4,baseline,1,queue_wait,0.005084689456630174,0.011369935236871243
Browse.mp4,baseline,1,preprocess,0.2526355214986173,0.5675749853253365
Browse.mp4,baseline,1,detect,1.420386486762476,2.584432950243354
Browse.mp4,baseline,1,intrusion,0.028868542663045192,0.07113104220479727
Browse.mp4,baseline,1,state,0.024471308485979722,0.05281902849674225
Browse.mp4,baseline,1,record,0.5065185819678629,1.4962580753490329
Browse.mp4,baseline,1,display,N/A,N/A
Browse.mp4,baseline,1,total,2.49417525263235,4.62635513395071
Browse.mp4,threaded,1,read,0.24760721057989105,0.45715493615716696
Browse.mp4,threaded,1,queue_wait,19.65753822056093,32.564120017923415
Browse.mp4,threaded,1,preprocess,0.24643053501811568,0.5293340655043721
Browse.mp4,threaded,1,detect,1.3387335841083328,2.328030066564679
Browse.mp4,threaded,1,intrusion,0.02511634640067261,0.058086938224732876
Browse.mp4,threaded,1,state,0.021149094894265686,0.04596204962581396
Browse.mp4,threaded,1,record,0.5101063373123718,1.4433750184252858
Browse.mp4,threaded,1,display,N/A,N/A
Browse.mp4,threaded,1,total,22.092437379479037,36.15765902213752
Browse.mp4,optimized,1,read,0.25487828889841635,0.48009504098445177
Browse.mp4,optimized,1,queue_wait,20.27813459294561,31.69756894931197
Browse.mp4,optimized,1,preprocess,0.26158655546222476,0.5695519503206015
Browse.mp4,optimized,1,detect,1.4038203581966948,2.574805053882301
Browse.mp4,optimized,1,intrusion,0.025603974609290057,0.05653488915413618
Browse.mp4,optimized,1,state,0.021997921079411797,0.04779908340424299
Browse.mp4,optimized,1,record,0.49788191566566675,1.4167679473757744
Browse.mp4,optimized,1,display,N/A,N/A
Browse.mp4,optimized,1,total,22.79227673204709,35.04867106676102
Danger.mp4,baseline,1,read,0.17559283585636085,0.3897678223438558
Danger.mp4,baseline,1,queue_wait,0.0045181748609305645,0.011142576113343237
Danger.mp4,baseline,1,preprocess,0.20669283001639305,0.45461034169420594
Danger.mp4,baseline,1,detect,1.2626624098332713,2.2645832039415836
Danger.mp4,baseline,1,intrusion,0.029072546887965428,0.06778793758712708
Danger.mp4,baseline,1,state,0.020829036350355667,0.04982630489394069
Danger.mp4,baseline,1,record,0.32769923001768536,1.0793948196806014
Danger.mp4,baseline,1,display,N/A,N/A
Danger.mp4,baseline,1,total,2.0724082291189605,3.6812972219195217
Danger.mp4,threaded,1,read,0.2618188997508869,0.5450925964396446
Danger.mp4,threaded,1,queue_wait,20.77454412142195,34.37727335258386
Danger.mp4,threaded,1,preprocess,0.27315676224981844,0.596563849831
Danger.mp4,threaded,1,detect,1.5162117791925969,3.1074232188984743
Danger.mp4,threaded,1,intrusion,0.03566344571141463,0.09542297339066863
Danger.mp4,threaded,1,state,0.02567193385365666,0.06323695415630935
Danger.mp4,threaded,1,record,0.39548872602584006,1.1567342327907681
Danger.mp4,threaded,1,display,N/A,N/A
Danger.mp4,threaded,1,total,23.33929284220739,39.006469969172024
Danger.mp4,optimized,1,read,0.2116066386264299,0.3861082135699689
Danger.mp4,optimized,1,queue_wait,16.924337052176295,26.713804167229675
Danger.mp4,optimized,1,preprocess,0.22197860106192277,0.41471843142062387
Danger.mp4,optimized,1,detect,1.2175357080109062,2.0734645251650363
Danger.mp4,optimized,1,intrusion,0.025102843492462928,0.05659270682372152
Danger.mp4,optimized,1,state,0.01835186584048024,0.04145722487010062
Danger.mp4,optimized,1,record,0.3526241396598163,1.0688843321986494
Danger.mp4,optimized,1,display,N/A,N/A
Danger.mp4,optimized,1,total,19.012571876032315,30.00504164374433
ThreeDanger.mp4,baseline,1,read,0.15636405923380803,0.3134569386020303
ThreeDanger.mp4,baseline,1,queue_wait,0.0034994266087902182,0.007113278843462467
ThreeDanger.mp4,baseline,1,preprocess,0.1874936317714552,0.3420387918595224
ThreeDanger.mp4,baseline,1,detect,1.3524729542917124,2.147110237274319
ThreeDanger.mp4,baseline,1,intrusion,0.03076150243021088,0.06707542343065143
ThreeDanger.mp4,baseline,1,state,0.01884530741077514,0.03991359262727201
ThreeDanger.mp4,baseline,1,record,0.04533916154163487,0.09332955814898013
ThreeDanger.mp4,baseline,1,display,N/A,N/A
ThreeDanger.mp4,baseline,1,total,1.835686419400628,2.9879612906370308
ThreeDanger.mp4,threaded,1,read,0.22457098720572244,0.4137345356866717
ThreeDanger.mp4,threaded,1,queue_wait,16.03228387431483,21.512000105576586
ThreeDanger.mp4,threaded,1,preprocess,0.23080246906762045,0.4590397351421416
ThreeDanger.mp4,threaded,1,detect,1.3743662938653824,2.1810093428939576
ThreeDanger.mp4,threaded,1,intrusion,0.030228011971224607,0.06615458987653253
ThreeDanger.mp4,threaded,1,state,0.018415535314376525,0.04085134132765233
ThreeDanger.mp4,threaded,1,record,0.08200016526654823,0.1559933298267424
ThreeDanger.mp4,threaded,1,display,N/A,N/A
ThreeDanger.mp4,threaded,1,total,18.035654062376484,24.18656243244186
ThreeDanger.mp4,optimized,1,read,0.21622899127836673,0.38643701700493693
ThreeDanger.mp4,optimized,1,queue_wait,16.087375562508694,19.783081603236496
ThreeDanger.mp4,optimized,1,preprocess,0.22504382513831428,0.42429571622051276
ThreeDanger.mp4,optimized,1,detect,1.391270550335815,2.247044915566221
ThreeDanger.mp4,optimized,1,intrusion,0.03013117231693073,0.06446539191529155
ThreeDanger.mp4,optimized,1,state,0.018116025495584363,0.03901250893250108
ThreeDanger.mp4,optimized,1,record,0.08124569538739268,0.14321091584861276
ThreeDanger.mp4,optimized,1,display,N/A,N/A
ThreeDanger.mp4,optimized,1,total,18.08877006211939,22.281114634824913
Near_walk.mp4,baseline,1,read,0.14237491598205387,0.26527647860348225
Near_walk.mp4,baseline,1,queue_wait,0.00367794460583505,0.00681787496432662
Near_walk.mp4,baseline,1,preprocess,0.18390392224646088,0.33168961526826
Near_walk.mp4,baseline,1,detect,1.1221814508677173,1.7997840768657623
Near_walk.mp4,baseline,1,intrusion,0.027490962001917172,0.05517957033589482
Near_walk.mp4,baseline,1,state,0.017169433672704713,0.035157077945768826
Near_walk.mp4,baseline,1,record,0.042525922088957516,0.07982667302712795
Near_walk.mp4,baseline,1,display,N/A,N/A
Near_walk.mp4,baseline,1,total,1.5756652827823547,2.59404219686985
Near_walk.mp4,threaded,1,read,0.21806692255647492,0.4012127872556447
Near_walk.mp4,threaded,1,queue_wait,14.255937798746038,18.3450358803384
Near_walk.mp4,threaded,1,preprocess,0.2231976062582015,0.4484228673391043
Near_walk.mp4,threaded,1,detect,1.198197205437066,1.9276125356554985
Near_walk.mp4,threaded,1,intrusion,0.028503196072771395,0.061824347358196974
Near_walk.mp4,threaded,1,state,0.018054327304414707,0.04134195623919368
Near_walk.mp4,threaded,1,record,0.07955652708522708,0.1584896468557417
Near_walk.mp4,threaded,1,display,N/A,N/A
Near_walk.mp4,threaded,1,total,16.059447977048674,20.458644605241716
Near_walk.mp4,optimized,1,read,0.21217585785863854,0.38364486536011094
Near_walk.mp4,optimized,1,queue_wait,14.423932708639034,18.184409558307372
Near_walk.mp4,optimized,1,preprocess,0.21764229105370078,0.392942561302334
Near_walk.mp4,optimized,1,detect,1.2262423057109118,2.0927912439219654
Near_walk.mp4,optimized,1,intrusion,0.028554560690314222,0.0641573220491409
Near_walk.mp4,optimized,1,state,0.018159177475910393,0.039519777055829756
Near_walk.mp4,optimized,1,record,0.0778750087663853,0.14609150821343064
Near_walk.mp4,optimized,1,display,N/A,N/A
Near_walk.mp4,optimized,1,total,16.243318456607007,20.84109270945191
LeftBox.mp4,baseline,1,read,0.16645263873846863,0.34894992131739855
LeftBox.mp4,baseline,1,queue_wait,0.00444399350733628,0.010022078640758991
LeftBox.mp4,baseline,1,preprocess,0.20811020138625866,0.48366899136453867
LeftBox.mp4,baseline,1,detect,1.238298571118188,2.1685479441657662
LeftBox.mp4,baseline,1,intrusion,0.025459984234366986,0.05708495154976845
LeftBox.mp4,baseline,1,state,0.020077434622025943,0.04420394543558359
LeftBox.mp4,baseline,1,record,0.7491938496566645,1.6628450248390436
LeftBox.mp4,baseline,1,display,N/A,N/A
LeftBox.mp4,baseline,1,total,2.4554378503388707,4.203945049084723
LeftBox.mp4,threaded,1,read,0.2374702385725292,0.4439259646460414
LeftBox.mp4,threaded,1,queue_wait,21.62046407019403,34.80443696025759
LeftBox.mp4,threaded,1,preprocess,0.2446649572562856,0.5116129759699106
LeftBox.mp4,threaded,1,detect,1.2705749980208334,2.1115379640832543
LeftBox.mp4,threaded,1,intrusion,0.026786593996059243,0.05617598071694374
LeftBox.mp4,threaded,1,state,0.020093331611787238,0.04100694786757231
LeftBox.mp4,threaded,1,record,0.7937479971583565,1.7562059219926596
LeftBox.mp4,threaded,1,display,N/A,N/A
LeftBox.mp4,threaded,1,total,24.258133405891517,40.182334021665156
LeftBox.mp4,optimized,1,read,0.2624429295871597,0.47428696416318417
LeftBox.mp4,optimized,1,queue_wait,22.747762989325896,31.375730992294848
LeftBox.mp4,optimized,1,preprocess,0.25716723249084567,0.5189999938011169
LeftBox.mp4,optimized,1,detect,1.3583462957213062,2.295607002452016
LeftBox.mp4,optimized,1,intrusion,0.029926226218535558,0.06659002974629402
LeftBox.mp4,optimized,1,state,0.02307566015689892,0.04442501813173294
LeftBox.mp4,optimized,1,record,0.80608697934796,1.693484839051962
LeftBox.mp4,optimized,1,display,N/A,N/A
LeftBox.mp4,optimized,1,total,25.53317840648516,35.289324121549726
long_stay.mp4,baseline,1,read,0.17901540257024753,0.3973185550421476
long_stay.mp4,baseline,1,queue_wait,0.0044777852647678775,0.011565792374312867
long_stay.mp4,baseline,1,preprocess,0.2150858383356244,0.5079142749309538
long_stay.mp4,baseline,1,detect,1.2397292992836029,2.386019402183592
long_stay.mp4,baseline,1,intrusion,0.02326602720368596,0.05542316939681766
long_stay.mp4,baseline,1,state,0.020691338708764464,0.04830998368561266
long_stay.mp4,baseline,1,record,0.1602288997755473,0.7801544619724154
long_stay.mp4,baseline,1,display,N/A,N/A
long_stay.mp4,baseline,1,total,1.8875954734972984,3.633597632870078
long_stay.mp4,threaded,1,read,0.250260103856911,0.48447425942867994
long_stay.mp4,threaded,1,queue_wait,16.161194224073665,25.43364798184484
long_stay.mp4,threaded,1,preprocess,0.24916550913528285,0.5298153497278687
long_stay.mp4,threaded,1,detect,1.2533409967625715,2.338876971043646
long_stay.mp4,threaded,1,intrusion,0.024251283884338847,0.05779601633548726
long_stay.mp4,threaded,1,state,0.020733556013556323,0.04843818023800846
long_stay.mp4,threaded,1,record,0.20190029694945877,0.8281199960038064
long_stay.mp4,threaded,1,display,N/A,N/A
long_stay.mp4,threaded,1,total,18.206198622141425,28.630351019091904
long_stay.mp4,optimized,1,read,0.23361026792743755,0.43277968652546395
long_stay.mp4,optimized,1,queue_wait,15.001736280497898,24.649226781912144
long_stay.mp4,optimized,1,preprocess,0.23033625947970854,0.5109733901917932
long_stay.mp4,optimized,1,detect,1.1579306544218904,2.1443928591907016
long_stay.mp4,optimized,1,intrusion,0.02089325508656695,0.05007379222661257
long_stay.mp4,optimized,1,state,0.01843925820314512,0.04032815340906381
long_stay.mp4,optimized,1,record,0.19485377273992205,0.8337380597367883
long_stay.mp4,optimized,1,display,N/A,N/A
long_stay.mp4,optimized,1,total,16.899479770146854,27.461585239507254
Rest.mp4,threaded,2,read,0.22450054092758198,0.39715766906738276
Rest.mp4,threaded,2,queue_wait,14.34492531710016,21.61795031279325
Rest.mp4,threaded,2,preprocess,0.20799253615763436,0.4209675127640364
Rest.mp4,threaded,2,detect,1.1150121868488752,1.8757382640615106
Rest.mp4,threaded,2,intrusion,0.02004609213962319,0.04700440913438795
Rest.mp4,threaded,2,state,0.016564197441194264,0.03699995577335357
Rest.mp4,threaded,2,record,0.20366892488058752,0.7963822223246094
Rest.mp4,threaded,2,display,N/A,N/A
Rest.mp4,threaded,2,total,16.169353827791582,24.368165247142308
Rest.mp4,optimized,2,read,0.27532288130977883,0.5005255807191133
Rest.mp4,optimized,2,queue_wait,17.72013648500581,27.084421482868493
Rest.mp4,optimized,2,preprocess,0.27992400851308696,0.5788537673652171
Rest.mp4,optimized,2,detect,1.3550867887951321,2.2868553409352894
Rest.mp4,optimized,2,intrusion,0.02583504280992571,0.05717263557016849
Rest.mp4,optimized,2,state,0.02219277613697016,0.04776560235768556
Rest.mp4,optimized,2,record,0.23938878191171714,0.9182730456814169
Rest.mp4,optimized,2,display,N/A,N/A
Rest.mp4,optimized,2,total,19.966350936657054,30.532553908415135
Rest.mp4,baseline,2,read,0.17006167737757646,0.36919324193149805
Rest.mp4,baseline,2,queue_wait,0.004012466923612628,0.009346171282231808
Rest.mp4,baseline,2,preprocess,0.20248386937992524,0.42592734098434437
Rest.mp4,baseline,2,detect,1.2172054453294365,2.222577342763543
Rest.mp4,baseline,2,intrusion,0.022448542726410524,0.05210477393120524
Rest.mp4,baseline,2,state,0.019813858700660884,0.0445291632786393
Rest.mp4,baseline,2,record,0.18016866982682858,0.8370545227080578
Rest.mp4,baseline,2,display,N/A,N/A
Rest.mp4,baseline,2,total,1.8587949442284815,3.339750040322542
Browse.mp4,threaded,2,read,0.25083943683814613,0.47161197289824486
Browse.mp4,threaded,2,queue_wait,20.30428918511821,35.85793997626752
Browse.mp4,threaded,2,preprocess,0.25530888272100927,0.5407119169831276
Browse.mp4,threaded,2,detect,1.3735005076761184,2.6141060516238213
Browse.mp4,threaded,2,intrusion,0.025663293061648423,0.061542028561234474
Browse.mp4,threaded,2,state,0.02079067458047456,0.04640198312699795
Browse.mp4,threaded,2,record,0.5390533420779942,1.4437870122492313
Browse.mp4,threaded,2,display,N/A,N/A
Browse.mp4,threaded,2,total,22.81696779571791,40.255961124785244
Browse.mp4,optimized,2,read,0.24787693051393275,0.45156897976994514
Browse.mp4,optimized,2,queue_wait,19.070777446432924,29.926265007816255
Browse.mp4,optimized,2,preprocess,0.24342143668243105,0.5369819700717926
Browse.mp4,optimized,2,detect,1.2873166074737337,2.2091750288382173
Browse.mp4,optimized,2,intrusion,0.025699219103614335,0.0581829808652401
Browse.mp4,optimized,2,state,0.020833498087732612,0.04414399154484272
Browse.mp4,optimized,2,record,0.49916212321564657,1.433114055544138
Browse.mp4,optimized,2,display,N/A,N/A
Browse.mp4,optimized,2,total,21.442306226385753,33.25160394888371
Browse.mp4,baseline,2,read,0.16819749287002148,0.35853299777954817
Browse.mp4,baseline,2,queue_wait,0.004516414391291013,0.010928953997790813
Browse.mp4,baseline,2,preprocess,0.2009676041694524,0.42921700514853
Browse.mp4,baseline,2,detect,1.233667889828853,2.202013973146677
Browse.mp4,baseline,2,intrusion,0.024082492941207855,0.058357021771371365
Browse.mp4,baseline,2,state,0.020098986047576387,0.04558009095489979
Browse.mp4,baseline,2,record,0.4619254992205748,1.3106541009619832
Browse.mp4,baseline,2,display,N/A,N/A
Browse.mp4,baseline,2,total,2.1563561962293525,3.7498980527743697
Danger.mp4,threaded,2,read,0.24407355955858923,0.46762701822444797
Danger.mp4,threaded,2,queue_wait,18.373175560050093,26.540544151794165
Danger.mp4,threaded,2,preprocess,0.24528174905017727,0.5099056754261254
Danger.mp4,threaded,2,detect,1.3224297790743766,2.3760963114909828
Danger.mp4,threaded,2,intrusion,0.02964825399511424,0.06751329055987296
Danger.mp4,threaded,2,state,0.021533410818803878,0.04805278731510042
Danger.mp4,threaded,2,record,0.37071700279163766,1.1467731383163482
Danger.mp4,threaded,2,display,N/A,N/A
Danger.mp4,threaded,2,total,20.655441061010723,29.926446813624338
Danger.mp4,optimized,2,read,0.22434771122715,0.4214944026898592
Danger.mp4,optimized,2,queue_wait,17.111700869855934,26.78802725276909
Danger.mp4,optimized,2,preprocess,0.2304628593562057,0.43366111931391055
Danger.mp4,optimized,2,detect,1.2177007633964627,2.159849420422688
Danger.mp4,optimized,2,intrusion,0.026610197236470016,0.05930729676038026
Danger.mp4,optimized,2,state,0.01986782038014154,0.043905631173402064
Danger.mp4,optimized,2,record,0.35740139879932514,1.1054584058001635
Danger.mp4,optimized,2,display,N/A,N/A
Danger.mp4,optimized,2,total,19.23245164648104,29.96076628332957
Danger.mp4,baseline,2,read,0.16708599417755493,0.3496538905892521
Danger.mp4,baseline,2,queue_wait,0.004008705062525613,0.009083910845220087
Danger.mp4,baseline,2,preprocess,0.196148954303365,0.3977060376200825
Danger.mp4,baseline,2,detect,1.1801425714463907,2.157334599178284
Danger.mp4,baseline,2,intrusion,0.026960781661375444,0.06473173270933329
Danger.mp4,baseline,2,state,0.01993939632131737,0.045308814151212566
Danger.mp4,baseline,2,record,0.3177308783942491,1.1022042599506676
Danger.mp4,baseline,2,display,N/A,N/A
Danger.mp4,baseline,2,total,1.9555561838443487,3.520846366882324
ThreeDanger.mp4,threaded,2,read,0.25159274680643445,0.4571616358589381
ThreeDanger.mp4,threaded,2,queue_wait,17.63062678352228,23.46139259170741
ThreeDanger.mp4,threaded,2,preprocess,0.2486179390904942,0.532485864823684
ThreeDanger.mp4,threaded,2,detect,1.5095666566875154,2.616648969706148
ThreeDanger.mp4,threaded,2,intrusion,0.035737251883004736,0.08279879111796618
ThreeDanger.mp4,threaded,2,state,0.021796974635188593,0.04975170013494789
ThreeDanger.mp4,threaded,2,record,0.09194264421239495,0.18209841218777
ThreeDanger.mp4,threaded,2,display,N/A,N/A
ThreeDanger.mp4,threaded,2,total,19.840872891313385,26.332385907880962
ThreeDanger.mp4,optimized,2,read,0.24724584532740676,0.49687084392644454
ThreeDanger.mp4,optimized,2,queue_wait,18.281103024851348,26.350179850123823
ThreeDanger.mp4,optimized,2,preprocess,0.26285673267449494,0.5619235569611192
ThreeDanger.mp4,optimized,2,detect,1.5642706358684573,2.7397449244745076
ThreeDanger.mp4,optimized,2,intrusion,0.03721295183317529,0.09241954539902508
ThreeDanger.mp4,optimized,2,state,0.022727678915094814,0.051724526565521955
ThreeDanger.mp4,optimized,2,record,0.09564952666146888,0.20158334518782794
ThreeDanger.mp4,optimized,2,display,N/A,N/A
ThreeDanger.mp4,optimized,2,total,20.560706933790726,29.412675165804103
ThreeDanger.mp4,baseline,2,read,0.1710245360614571,0.36869039176963264
ThreeDanger.mp4,baseline,2,queue_wait,0.004595187047128508,0.010210141772404311
ThreeDanger.mp4,baseline,2,preprocess,0.20322738895135253,0.43307871092110867
ThreeDanger.mp4,baseline,2,detect,1.464815964465271,2.5382651074323803
ThreeDanger.mp4,baseline,2,intrusion,0.03461426333811732,0.08400675724260508
ThreeDanger.mp4,baseline,2,state,0.0215460337916918,0.050005177035927766
ThreeDanger.mp4,baseline,2,record,0.052829721459635985,0.1228803943376988
ThreeDanger.mp4,baseline,2,display,N/A,N/A
ThreeDanger.mp4,baseline,2,total,2.0005353878792604,3.5275324189569797
Near_walk.mp4,threaded,2,read,0.29476454930393386,0.5643682321533561
Near_walk.mp4,threaded,2,queue_wait,21.00164146889537,34.35513688018545
Near_walk.mp4,threaded,2,preprocess,0.308335835797538,0.6337814033031461
Near_walk.mp4,threaded,2,detect,1.7669349295763874,3.3820452284999187
Near_walk.mp4,threaded,2,intrusion,0.04519262659303147,0.10982735548168412
Near_walk.mp4,threaded,2,state,0.029419658189679652,0.06565679796040055
Near_walk.mp4,threaded,2,record,0.12036320006327449,0.2403741586022079
Near_walk.mp4,threaded,2,display,N/A,N/A
Near_walk.mp4,threaded,2,total,23.62937577866125,38.37775615975259
Near_walk.mp4,optimized,2,read,0.34940872013086466,0.6890777032822365
Near_walk.mp4,optimized,2,queue_wait,24.592474588233202,37.597258656751364
Near_walk.mp4,optimized,2,preprocess,0.35459316945333275,0.6767534534446893
Near_walk.mp4,optimized,2,detect,2.076233382732105,3.93289397470653
Near_walk.mp4,optimized,2,intrusion,0.05648938617367539,0.1348211895674466
Near_walk.mp4,optimized,2,state,0.0341590637970957,0.08226715726777908
Near_walk.mp4,optimized,2,record,0.13480126077188648,0.25563937379047263
Near_walk.mp4,optimized,2,display,N/A,N/A
Near_walk.mp4,optimized,2,total,27.680449509195878,43.54767880868161
Near_walk.mp4,baseline,2,read,0.30784594672296545,0.6095926859416059
Near_walk.mp4,baseline,2,queue_wait,0.008477299078870163,0.01810787944123148
Near_walk.mp4,baseline,2,preprocess,0.3634636682330919,0.755638675764203
Near_walk.mp4,baseline,2,detect,2.290642966027204,4.240370856132354
Near_walk.mp4,baseline,2,intrusion,0.06124568305802431,0.13982144882902495
Near_walk.mp4,baseline,2,state,0.036707701389309316,0.07447794778272508
Near_walk.mp4,baseline,2,record,0.10119197930363442,0.18508689245209098
Near_walk.mp4,baseline,2,display,N/A,N/A
Near_walk.mp4,baseline,2,total,3.2568591717201816,6.145282567013054
LeftBox.mp4,threaded,2,read,0.28533509829470294,0.5266249645501375
LeftBox.mp4,threaded,2,queue_wait,26.339473467354534,38.068103953264654
LeftBox.mp4,threaded,2,preprocess,0.29664196341999505,0.6311129545792937
LeftBox.mp4,threaded,2,detect,1.5945454499342089,2.7678030310198665
LeftBox.mp4,threaded,2,intrusion,0.035182701913234596,0.07785903289914131
LeftBox.mp4,threaded,2,state,0.026157021735142585,0.05625805351883173
LeftBox.mp4,threaded,2,record,0.9027368079828858,1.8165800720453262
LeftBox.mp4,threaded,2,display,N/A,N/A
LeftBox.mp4,threaded,2,total,29.539211038289665,43.69489196687937
LeftBox.mp4,optimized,2,read,0.2965747173067169,0.5586990155279636
LeftBox.mp4,optimized,2,queue_wait,27.108445992957975,42.74542792700231
LeftBox.mp4,optimized,2,preprocess,0.31140443880562796,0.6379788974300027
LeftBox.mp4,optimized,2,detect,1.6872274210979978,3.091680002398789
LeftBox.mp4,optimized,2,intrusion,0.03865851403859651,0.09213399607688189
LeftBox.mp4,optimized,2,state,0.028683109497972602,0.06258103530853987
LeftBox.mp4,optimized,2,record,0.873933865729715,1.8496609991416335
LeftBox.mp4,optimized,2,display,N/A,N/A
LeftBox.mp4,optimized,2,total,30.409685549366106,47.66941803973168
LeftBox.mp4,baseline,2,read,0.1838890692788341,0.38123992271721363
LeftBox.mp4,baseline,2,queue_wait,0.00499312361141979,0.011821044608950615
LeftBox.mp4,baseline,2,preprocess,0.2157216033135296,0.4773359978571534
LeftBox.mp4,baseline,2,detect,1.3083745150989659,2.2603849647566676
LeftBox.mp4,baseline,2,intrusion,0.029495576873873487,0.061347964219748974
LeftBox.mp4,baseline,2,state,0.022310495745350788,0.047501991502940655
LeftBox.mp4,baseline,2,record,0.7854496520876388,1.6816610004752874
LeftBox.mp4,baseline,2,display,N/A,N/A
LeftBox.mp4,baseline,2,total,2.600165558248032,4.479042952880263
long_stay.mp4,threaded,2,read,0.23107492787344805,0.4203905817121266
long_stay.mp4,threaded,2,queue_wait,14.875478745680311,25.888222758658227
long_stay.mp4,threaded,2,preprocess,0.22791319588140585,0.4585712216794487
long_stay.mp4,threaded,2,detect,1.15136790673064,2.0310806110501285
long_stay.mp4,threaded,2,intrusion,0.02151816675376825,0.04345704801380633
long_stay.mp4,threaded,2,state,0.019325365887202017,0.042154802940785836
long_stay.mp4,threaded,2,record,0.18955631055051209,0.868776044808328
long_stay.mp4,threaded,2,display,N/A,N/A
long_stay.mp4,threaded,2,total,16.759045293666045,29.05003877822309
long_stay.mp4,optimized,2,read,0.25210563564306104,0.4734151531010866
long_stay.mp4,optimized,2,queue_wait,15.757371111983286,23.195030028000474
long_stay.mp4,optimized,2,preprocess,0.2407513490370368,0.5061795702204108
long_stay.mp4,optimized,2,detect,1.227591692326313,2.226029546000063
long_stay.mp4,optimized,2,intrusion,0.021385222445184926,0.048390985466539846
long_stay.mp4,optimized,2,state,0.020163466950537397,0.04568351432681084
long_stay.mp4,optimized,2,record,0.1938065774520005,0.8397287921980022
long_stay.mp4,optimized,2,display,N/A,N/A
long_stay.mp4,optimized,2,total,17.757551557371006,26.059339591301974
long_stay.mp4,baseline,2,read,0.173361450933453,0.350083503872156
long_stay.mp4,baseline,2,queue_wait,0.00466724868378519,0.010547181591391558
long_stay.mp4,baseline,2,preprocess,0.2142042563671273,0.492472038604319
long_stay.mp4,baseline,2,detect,1.2058630226169018,2.100484725087881
long_stay.mp4,baseline,2,intrusion,0.021931028254111376,0.0469211721792817
long_stay.mp4,baseline,2,state,0.02054762588968044,0.043768202885985354
long_stay.mp4,baseline,2,record,0.15376603568457087,0.7767425617203116
long_stay.mp4,baseline,2,display,N/A,N/A
long_stay.mp4,baseline,2,total,1.8392275466677648,3.2242551445960994
Rest.mp4,optimized,3,read,0.24238480396833517,0.431167078204453
Rest.mp4,optimized,3,queue_wait,15.57846855476196,24.92466322146352
Rest.mp4,optimized,3,preprocess,0.23554271136689459,0.5022116005420684
Rest.mp4,optimized,3,detect,1.1899742699667888,2.019595052115619
Rest.mp4,optimized,3,intrusion,0.02321983335378963,0.04730825312435626
Rest.mp4,optimized,3,state,0.018940366766779557,0.041441223584115484
Rest.mp4,optimized,3,record,0.22148450914543444,0.8332467870786784
Rest.mp4,optimized,3,display,N/A,N/A
Rest.mp4,optimized,3,total,17.55189726609018,27.853078022599195
Rest.mp4,baseline,3,read,0.15491130537244724,0.30536644626408815
Rest.mp4,baseline,3,queue_wait,0.0035187386704353513,0.007310742512345313
Rest.mp4,baseline,3,preprocess,0.188946379774113,0.34377938136458397
Rest.mp4,baseline,3,detect,1.0961061156813414,1.8915505614131685
Rest.mp4,baseline,3,intrusion,0.020119211716851607,0.045290752314031124
Rest.mp4,baseline,3,state,0.017454367967766855,0.03741038963198662
Rest.mp4,baseline,3,record,0.16994032439147003,0.7588058710098267
Rest.mp4,baseline,3,display,N/A,N/A
Rest.mp4,baseline,3,total,1.6896883903903328,2.8773509664461017
Rest.mp4,threaded,3,read,0.2616562996400038,0.47064726240932936
Rest.mp4,threaded,3,queue_wait,16.25242666305908,22.724120412021872
Rest.mp4,threaded,3,preprocess,0.24124318166508288,0.5139534594491123
Rest.mp4,threaded,3,detect,1.2569426129888839,2.1383046172559257
Rest.mp4,threaded,3,intrusion,0.024764917597061183,0.06070816889405248
Rest.mp4,threaded,3,state,0.022639865575708108,0.05422977264970539
Rest.mp4,threaded,3,record,0.217110298332867,0.7920223753899334
Rest.mp4,threaded,3,display,N/A,N/A
Rest.mp4,threaded,3,total,18.321105072671916,25.695578241720796
Browse.mp4,optimized,3,read,0.2766833652037102,0.5217080470174551
Browse.mp4,optimized,3,queue_wait,21.34063850835615,38.55487902183086
Browse.mp4,optimized,3,preprocess,0.2720854622535371,0.5816969787701964
Browse.mp4,optimized,3,detect,1.43651616550712,2.54164997022599
Browse.mp4,optimized,3,intrusion,0.028894622089572972,0.06733101326972246
Browse.mp4,optimized,3,state,0.023834869570220137,0.05118898116052151
Browse.mp4,optimized,3,record,0.5644382897538227,1.5080369776114821
Browse.mp4,optimized,3,display,N/A,N/A
Browse.mp4,optimized,3,total,23.995484506855487,44.15045911446214
Browse.mp4,baseline,3,read,0.21892870811929782,0.45105000026524067
Browse.mp4,baseline,3,queue_wait,0.005966783856952984,0.01344294287264347
Browse.mp4,baseline,3,preprocess,0.25554506318419296,0.5893539637327194
Browse.mp4,baseline,3,detect,1.5319090421620782,2.6364519726485014
Browse.mp4,baseline,3,intrusion,0.0328000774698279,0.07454806473106146
Browse.mp4,baseline,3,state,0.02799997912094099,0.05546805914491415
Browse.mp4,baseline,3,record,0.518394599807331,1.5500090084969997
Browse.mp4,baseline,3,display,N/A,N/A
Browse.mp4,baseline,3,total,2.6534516001749604,4.8204290214926
Browse.mp4,threaded,3,read,0.2491507510701149,0.46675396151840687
Browse.mp4,threaded,3,queue_wait,19.43048397063147,31.620730995200574
Browse.mp4,threaded,3,preprocess,0.2513418348558999,0.5272870184853673
Browse.mp4,threaded,3,detect,1.3050936481958286,2.268404932692647
Browse.mp4,threaded,3,intrusion,0.026342595505996092,0.06197590846568346
Browse.mp4,threaded,3,state,0.022052618607433547,0.049942987971007824
Browse.mp4,threaded,3,record,0.5089759744109037,1.4423129614442587
Browse.mp4,threaded,3,display,N/A,N/A
Browse.mp4,threaded,3,total,21.84239837824915,35.4400291107595
Danger.mp4,optimized,3,read,0.21892337961641906,0.4001403984148054
Danger.mp4,optimized,3,queue_wait,17.651286290730443,25.971585011575367
Danger.mp4,optimized,3,preprocess,0.23105417625332364,0.46566210221499177
Danger.mp4,optimized,3,detect,1.222009080554023,2.0766028785146773
Danger.mp4,optimized,3,intrusion,0.02632384698483206,0.05969637422822416
Danger.mp4,optimized,3,state,0.019515877142928694,0.041802012128755436
Danger.mp4,optimized,3,record,0.41726698218306313,1.0667337104678154
Danger.mp4,optimized,3,display,N/A,N/A
Danger.mp4,optimized,3,total,19.829385698421344,29.133439902216193
Danger.mp4,baseline,3,read,0.1701921972978328,0.3657055669464171
Danger.mp4,baseline,3,queue_wait,0.0043110537095641605,0.009989214595407248
Danger.mp4,baseline,3,preprocess,0.20240970758949312,0.4214433021843432
Danger.mp4,baseline,3,detect,1.2285404376920035,2.247154474025592
Danger.mp4,baseline,3,intrusion,0.027143771025244477,0.06142775528132913
Danger.mp4,baseline,3,state,0.019556536817555727,0.04269141936674714
Danger.mp4,baseline,3,record,0.31569732383184995,1.0341538640204815
Danger.mp4,baseline,3,display,N/A,N/A
Danger.mp4,baseline,3,total,2.011373965861593,3.5691858851350844
Danger.mp4,threaded,3,read,0.20978522841774283,0.39186099311336875
Danger.mp4,threaded,3,queue_wait,16.73398791680898,27.111203031381592
Danger.mp4,threaded,3,preprocess,0.2201897873809295,0.43142942013218993
Danger.mp4,threaded,3,detect,1.1918364274062114,2.080601407214999
Danger.mp4,threaded,3,intrusion,0.026412502162437252,0.06034562829881903
Danger.mp4,threaded,3,state,0.018845711118814085,0.04233161453157663
Danger.mp4,threaded,3,record,0.35493470543083183,1.0994607640895993
Danger.mp4,threaded,3,display,N/A,N/A
Danger.mp4,threaded,3,total,18.797672800735576,30.23597719147801
ThreeDanger.mp4,optimized,3,read,0.23678993104876558,0.429425056790933
ThreeDanger.mp4,optimized,3,queue_wait,16.607036827028626,20.639638096326962
ThreeDanger.mp4,optimized,3,preprocess,0.2311548942493068,0.4605789436027407
ThreeDanger.mp4,optimized,3,detect,1.4312212367651318,2.2675349318888034
ThreeDanger.mp4,optimized,3,intrusion,0.0321981436026823,0.07200266700237988
ThreeDanger.mp4,optimized,3,state,0.01975664679236986,0.04173405468463897
ThreeDanger.mp4,optimized,3,record,0.08446426722968434,0.16127250855788586
ThreeDanger.mp4,optimized,3,display,N/A,N/A
ThreeDanger.mp4,optimized,3,total,18.686756471036876,23.163557588122785
ThreeDanger.mp4,baseline,3,read,0.15737922103316695,0.3147636132780461
ThreeDanger.mp4,baseline,3,queue_wait,0.004054188590358805,0.008598633576184511
ThreeDanger.mp4,baseline,3,preprocess,0.1898732596870374,0.3473342920187859
ThreeDanger.mp4,baseline,3,detect,1.3638681599174707,2.1849841054063286
ThreeDanger.mp4,baseline,3,intrusion,0.030890423991360966,0.06813821964897214
ThreeDanger.mp4,baseline,3,state,0.019517682354759286,0.041167362360283725
ThreeDanger.mp4,baseline,3,record,0.046259427391406566,0.09554999414831396
ThreeDanger.mp4,baseline,3,display,N/A,N/A
ThreeDanger.mp4,baseline,3,total,1.8549447754875148,3.0092626519035544
ThreeDanger.mp4,threaded,3,read,0.22447351064464008,0.4019468149635941
ThreeDanger.mp4,threaded,3,queue_wait,15.84343523078851,19.341546716168523
ThreeDanger.mp4,threaded,3,preprocess,0.22148800795368942,0.4000632092356682
ThreeDanger.mp4,threaded,3,detect,1.3663774528713137,2.1445575344841927
ThreeDanger.mp4,threaded,3,intrusion,0.03022724930714402,0.0654378207400441
ThreeDanger.mp4,threaded,3,state,0.018160049889788584,0.03836129908449947
ThreeDanger.mp4,threaded,3,record,0.08200709593056897,0.14798713964410123
ThreeDanger.mp4,threaded,3,display,N/A,N/A
ThreeDanger.mp4,threaded,3,total,17.82821316141233,21.7462410510052
Near_walk.mp4,optimized,3,read,0.2296894706665076,0.4149376414716242
Near_walk.mp4,optimized,3,queue_wait,14.534639301642828,17.45506679872051
Near_walk.mp4,optimized,3,preprocess,0.2298956901076243,0.48084704903885717
Near_walk.mp4,optimized,3,detect,1.2141251541245326,2.02959484886378
Near_walk.mp4,optimized,3,intrusion,0.02963688767267217,0.0641982303932309
Near_walk.mp4,optimized,3,state,0.018130885035121183,0.03996011801064014
Near_walk.mp4,optimized,3,record,0.08346147604099066,0.1617876347154379
Near_walk.mp4,optimized,3,display,N/A,N/A
Near_walk.mp4,optimized,3,total,16.38044579718396,19.655759714078155
Near_walk.mp4,baseline,3,read,0.15179975822621541,0.2795337699353695
Near_walk.mp4,baseline,3,queue_wait,0.003987647050308238,0.007799174636602397
Near_walk.mp4,baseline,3,preprocess,0.18821616670478591,0.3490590141154825
Near_walk.mp4,baseline,3,detect,1.1873457914137904,1.900041732005775
Near_walk.mp4,baseline,3,intrusion,0.02879216737723608,0.06005753530189393
Near_walk.mp4,baseline,3,state,0.018924377228823498,0.03932648105546832
Near_walk.mp4,baseline,3,record,0.04535860368620149,0.09577051969245075
Near_walk.mp4,baseline,3,display,N/A,N/A
Near_walk.mp4,baseline,3,total,1.6646479933167533,2.7167224325239645
Near_walk.mp4,threaded,3,read,0.23253645510044244,0.40775034576654434
Near_walk.mp4,threaded,3,queue_wait,15.279096649731878,18.89333557337522
Near_walk.mp4,threaded,3,preprocess,0.2479377206039729,0.531813979614526
Near_walk.mp4,threaded,3,detect,1.278099107803951,2.170483255758881
Near_walk.mp4,threaded,3,intrusion,0.032008440809981,0.07440149784088133
Near_walk.mp4,threaded,3,state,0.019186334483486285,0.04381629405543208
Near_walk.mp4,threaded,3,record,0.0867566536013171,0.17611575312912459
Near_walk.mp4,threaded,3,display,N/A,N/A
Near_walk.mp4,threaded,3,total,17.21885331769025,21.51093160500749
LeftBox.mp4,optimized,3,read,0.23948046249779348,0.45458704698830843
LeftBox.mp4,optimized,3,queue_wait,22.319060588763822,33.53198105469346
LeftBox.mp4,optimized,3,preprocess,0.24476965892656877,0.5182989407330751
LeftBox.mp4,optimized,3,detect,1.320818232457673,2.2624280536547303
LeftBox.mp4,optimized,3,intrusion,0.028340109678231154,0.06680109072476625
LeftBox.mp4,optimized,3,state,0.021150245278072625,0.044912914745509624
LeftBox.mp4,optimized,3,record,0.8083666149055082,1.6988780116662383
LeftBox.mp4,optimized,3,display,N/A,N/A
LeftBox.mp4,optimized,3,total,25.03075918770206,37.71325305569917
LeftBox.mp4,baseline,3,read,0.16678367241969005,0.32447290141135454
LeftBox.mp4,baseline,3,queue_wait,0.004631484328247563,0.010067014954984188
LeftBox.mp4,baseline,3,preprocess,0.19476445990877048,0.36720698699355125
LeftBox.mp4,baseline,3,detect,1.1791319631463122,1.9627619767561555
LeftBox.mp4,baseline,3,intrusion,0.025809969942392194,0.05435303319245577
LeftBox.mp4,baseline,3,state,0.019672237597981757,0.03980600740760565
LeftBox.mp4,baseline,3,record,0.7414475519943199,1.6514919698238373
LeftBox.mp4,baseline,3,display,N/A,N/A
LeftBox.mp4,baseline,3,total,2.3748275348263284,3.885613870806992
LeftBox.mp4,threaded,3,read,0.2421312234569319,0.4398489836603403
LeftBox.mp4,threaded,3,queue_wait,21.808215771335554,32.860788982361555
LeftBox.mp4,threaded,3,preprocess,0.2406822490106103,0.4869760014116764
LeftBox.mp4,threaded,3,detect,1.2866639591394686,2.1570329554378986
LeftBox.mp4,threaded,3,intrusion,0.027792220691597702,0.06096798460930586
LeftBox.mp4,threaded,3,state,0.020603718945931524,0.04646799061447382
LeftBox.mp4,threaded,3,record,0.7983432530661365,1.751287025399506
LeftBox.mp4,threaded,3,display,N/A,N/A
LeftBox.mp4,threaded,3,total,24.47092379626068,36.400826065801084
long_stay.mp4,optimized,3,read,0.22989661443741863,0.432399148121476
long_stay.mp4,optimized,3,queue_wait,14.921761906242871,22.057031863369048
long_stay.mp4,optimized,3,preprocess,0.23138624705718328,0.47757839784026035
long_stay.mp4,optimized,3,detect,1.153457224818053,2.0491606323048472
long_stay.mp4,optimized,3,intrusion,0.020007777959605587,0.04683583974838256
long_stay.mp4,optimized,3,state,0.01889247628991943,0.04254120867699385
long_stay.mp4,optimized,3,record,0.19071144944388027,0.8207770064473148
long_stay.mp4,optimized,3,display,N/A,N/A
long_stay.mp4,optimized,3,total,16.80889928140874,24.900608672760427
long_stay.mp4,baseline,3,read,0.15316679667247865,0.3228575689718126
long_stay.mp4,baseline,3,queue_wait,0.003869960544997845,0.009412039071321484
long_stay.mp4,baseline,3,preprocess,0.18387554019234092,0.35629200283437956
long_stay.mp4,baseline,3,detect,1.0648991835407526,1.9802980124950404
long_stay.mp4,baseline,3,intrusion,0.018955069072982143,0.04501687362790108
long_stay.mp4,baseline,3,state,0.018373759574313024,0.041423598304390886
long_stay.mp4,baseline,3,record,0.1453438401943221,0.7566788000985977
long_stay.mp4,baseline,3,display,N/A,N/A
long_stay.mp4,baseline,3,total,1.628249974894495,3.0351708643138404
long_stay.mp4,threaded,3,read,0.22657490448526008,0.4087502835318444
long_stay.mp4,threaded,3,queue_wait,14.632791219337843,21.73717541154474
long_stay.mp4,threaded,3,preprocess,0.22189029953872622,0.44821524061262596
long_stay.mp4,threaded,3,detect,1.1413742873784865,2.034352160990238
long_stay.mp4,threaded,3,intrusion,0.019527602484832617,0.043920963071286664
long_stay.mp4,threaded,3,state,0.01833448143008633,0.04062617663294076
long_stay.mp4,threaded,3,record,0.18378464008835121,0.8056569844484325
long_stay.mp4,threaded,3,display,N/A,N/A
long_stay.mp4,threaded,3,total,16.48441068537223,24.399258056655523
