mode,stage,mean_ms
baseline,read,0.17642776030149657
baseline,queue_wait,0.004537741316383498
baseline,preprocess,0.21235053753468808
baseline,detect,1.3017520109422867
baseline,intrusion,0.028198346256088594
baseline,state,0.021124301618934995
baseline,record,0.28777514526917036
baseline,display,N/A
baseline,total,2.0784716623569848
threaded,read,0.24358781861901155
threaded,queue_wait,17.98480782080549
threaded,preprocess,0.2449102595342862
threaded,detect,1.3275856842465839
threaded,intrusion,0.028247996760971172
threaded,state,0.020935787175541724
threaded,record,0.3301793879710181
threaded,display,N/A
threaded,total,20.22662113649531
optimized,read,0.248262483849902
optimized,queue_wait,18.31001706533723
optimized,preprocess,0.250326238582394
optimized,detect,1.3527597530699578
optimized,intrusion,0.028799429916009443
optimized,state,0.021320960997228564
optimized,record,0.3334497829186101
optimized,display,N/A
optimized,total,20.592415463450674
