video,mode,repeat,status,evaluation_status,error,evaluation_note,output_dir,processed_frames,measured_frames,elapsed_time,fps,tp,fp,fn,precision,recall,f1,alert_delay,detected_events,recorded_events,run_dir,dropped_frames,pending_at_stop,queue_wait_ms,total_frame_ms,source_fps,frame_count,video_eof_time,open_at_eof_count,recorded_clips,verified_clips,truncated_clips,recording_status,false_positive_count,false_discovery_fraction,fpr,alert_delay_min,alert_delay_max,alert_delay_count,alert_delay_sum,study,technique,setting
Browse.mp4,baseline,1,COMPLETED,EVALUATED,,,/home/geonug/kdt-linux/team_project/team_project/outputs/experiments/study-20260927T235637-8e7518db/resolution/input_resolution/192x144/baseline/Browse-r1,1051,1021,0.8056409299606457,1267.313963368115,0,0,1,N/A,0.0,0.0,N/A,0,0,/home/geonug/kdt-linux/team_project/team_project/outputs/experiments/study-20260927T235637-8e7518db/resolution/input_resolution/192x144/baseline/Browse-r1/runs/20260927T235637-04450b55b2,0,0,0.0028131830932008766,0.7829779196242336,25.0,1051.0,42.04,0,0,0,0,PASS,0,N/A,N/A,N/A,N/A,0,0,resolution,input_resolution,192x144
Danger.mp4,baseline,1,COMPLETED,EVALUATED,,,/home/geonug/kdt-linux/team_project/team_project/outputs/experiments/study-20260927T235637-8e7518db/resolution/input_resolution/192x144/baseline/Danger-r1,1500,1470,1.667608006973751,881.5021239119887,2,1,0,0.6666666666666666,1.0,0.8,1.2400000000000002,3,3,/home/geonug/kdt-linux/team_project/team_project/outputs/experiments/study-20260927T235637-8e7518db/resolution/input_resolution/192x144/baseline/Danger-r1/runs/20260927T235638-923b47fa44,0,0,0.0034091225191697377,1.1275082345114273,25.0,1500.0,60.0,0,3,3,0,PASS,1,0.3333333333333333,N/A,0.7200000000000006,1.7599999999999998,2,2.4800000000000004,resolution,input_resolution,192x144
Browse.mp4,threaded,1,COMPLETED,EVALUATED,,,/home/geonug/kdt-linux/team_project/team_project/outputs/experiments/study-20260927T235637-8e7518db/resolution/input_resolution/192x144/threaded/Browse-r1,1051,1021,0.7735933610238135,1319.8148425792535,0,0,1,N/A,0.0,0.0,N/A,0,0,/home/geonug/kdt-linux/team_project/team_project/outputs/experiments/study-20260927T235637-8e7518db/resolution/input_resolution/192x144/threaded/Browse-r1/runs/20260927T235640-009a8f24a5,0,0,6.566111430303211,7.50834239251368,25.0,1051.0,42.04,0,0,0,0,PASS,0,N/A,N/A,N/A,N/A,0,0,resolution,input_resolution,192x144
Danger.mp4,threaded,1,COMPLETED,EVALUATED,,,/home/geonug/kdt-linux/team_project/team_project/outputs/experiments/study-20260927T235637-8e7518db/resolution/input_resolution/192x144/threaded/Danger-r1,1500,1470,1.540599112980999,954.1742479363159,2,1,0,0.6666666666666666,1.0,0.8,1.2400000000000002,3,3,/home/geonug/kdt-linux/team_project/team_project/outputs/experiments/study-20260927T235637-8e7518db/resolution/input_resolution/192x144/threaded/Danger-r1/runs/20260927T235641-14ca924913,0,0,9.195810690487349,10.409316656157552,25.0,1500.0,60.0,0,3,3,0,PASS,1,0.3333333333333333,N/A,0.7200000000000006,1.7599999999999998,2,2.4800000000000004,resolution,input_resolution,192x144
Browse.mp4,optimized,1,COMPLETED,EVALUATED,,,/home/geonug/kdt-linux/team_project/team_project/outputs/experiments/study-20260927T235637-8e7518db/resolution/input_resolution/192x144/optimized/Browse-r1,1051,1021,0.7322609140537679,1394.311754737507,0,0,1,N/A,0.0,0.0,N/A,0,0,/home/geonug/kdt-linux/team_project/team_project/outputs/experiments/study-20260927T235637-8e7518db/resolution/input_resolution/192x144/optimized/Browse-r1/runs/20260927T235643-83730bbf73,0,0,6.230097986259712,7.120191005932442,25.0,1051.0,42.04,0,0,0,0,PASS,0,N/A,N/A,N/A,N/A,0,0,resolution,input_resolution,192x144
Danger.mp4,optimized,1,COMPLETED,EVALUATED,,,/home/geonug/kdt-linux/team_project/team_project/outputs/experiments/study-20260927T235637-8e7518db/resolution/input_resolution/192x144/optimized/Danger-r1,1500,1470,1.5122085799230263,972.0881229723119,2,1,0,0.6666666666666666,1.0,0.8,1.2400000000000002,3,3,/home/geonug/kdt-linux/team_project/team_project/outputs/experiments/study-20260927T235637-8e7518db/resolution/input_resolution/192x144/optimized/Danger-r1/runs/20260927T235644-8bbb93a238,0,0,9.012628981184696,10.211376978803527,25.0,1500.0,60.0,0,3,3,0,PASS,1,0.3333333333333333,N/A,0.7200000000000006,1.7599999999999998,2,2.4800000000000004,resolution,input_resolution,192x144
Browse.mp4,baseline,1,COMPLETED,EVALUATED,,,/home/geonug/kdt-linux/team_project/team_project/outputs/experiments/study-20260927T235637-8e7518db/resolution/input_resolution/288x216/baseline/Browse-r1,1051,1021,2.117504841997288,482.1712705209047,1,0,0,1.0,1.0,1.0,1.1600000000000001,1,1,/home/geonug/kdt-linux/team_project/team_project/outputs/experiments/study-20260927T235637-8e7518db/resolution/input_resolution/288x216/baseline/Browse-r1/runs/20260927T235646-a71404a525,0,0,0.004762111151413983,2.064578304816143,25.0,1051.0,42.04,0,1,1,1,PASS,0,0.0,N/A,1.1600000000000001,1.1600000000000001,1,1.1600000000000001,resolution,input_resolution,288x216
Danger.mp4,baseline,1,COMPLETED,EVALUATED,,,/home/geonug/kdt-linux/team_project/team_project/outputs/experiments/study-20260927T235637-8e7518db/resolution/input_resolution/288x216/baseline/Danger-r1,1500,1470,3.3998154340079054,432.37641234750095,2,2,0,0.5,1.0,0.6666666666666666,1.4000000000000004,4,4,/home/geonug/kdt-linux/team_project/team_project/outputs/experiments/study-20260927T235637-8e7518db/resolution/input_resolution/288x216/baseline/Danger-r1/runs/20260927T235648-ca1b1278a8,0,0,0.005067224918427516,2.3030093141679404,25.0,1500.0,60.0,0,4,4,0,PASS,2,0.5,N/A,0.8399999999999999,1.9600000000000009,2,2.8000000000000007,resolution,input_resolution,288x216
Browse.mp4,threaded,1,COMPLETED,EVALUATED,,,/home/geonug/kdt-linux/team_project/team_project/outputs/experiments/study-20260927T235637-8e7518db/resolution/input_resolution/288x216/threaded/Browse-r1,1051,1021,1.6066131560364738,635.498343931662,1,0,0,1.0,1.0,1.0,1.1600000000000001,1,1,/home/geonug/kdt-linux/team_project/team_project/outputs/experiments/study-20260927T235637-8e7518db/resolution/input_resolution/288x216/threaded/Browse-r1/runs/20260927T235652-1d37b31e2a,0,0,13.37951714509093,15.648077066598258,25.0,1051.0,42.04,0,1,1,1,PASS,0,0.0,N/A,1.1600000000000001,1.1600000000000001,1,1.1600000000000001,resolution,input_resolution,288x216
Danger.mp4,threaded,1,COMPLETED,EVALUATED,,,/home/geonug/kdt-linux/team_project/team_project/outputs/experiments/study-20260927T235637-8e7518db/resolution/input_resolution/288x216/threaded/Danger-r1,1500,1470,2.6234350660815835,560.3340517193064,2,2,0,0.5,1.0,0.6666666666666666,1.4000000000000004,4,4,/home/geonug/kdt-linux/team_project/team_project/outputs/experiments/study-20260927T235637-8e7518db/resolution/input_resolution/288x216/threaded/Danger-r1/runs/20260927T235654-7eeb323a51,0,0,15.29838037186106,17.754549365395643,25.0,1500.0,60.0,0,4,4,0,PASS,2,0.5,N/A,0.8399999999999999,1.9600000000000009,2,2.8000000000000007,resolution,input_resolution,288x216
Browse.mp4,optimized,1,COMPLETED,EVALUATED,,,/home/geonug/kdt-linux/team_project/team_project/outputs/experiments/study-20260927T235637-8e7518db/resolution/input_resolution/288x216/optimized/Browse-r1,1051,1021,1.589180196984671,642.4696217189576,1,0,0,1.0,1.0,1.0,1.1600000000000001,1,1,/home/geonug/kdt-linux/team_project/team_project/outputs/experiments/study-20260927T235637-8e7518db/resolution/input_resolution/288x216/optimized/Browse-r1/runs/20260927T235657-1d76c737e3,0,0,13.248766955110472,15.513083553530027,25.0,1051.0,42.04,0,1,1,1,PASS,0,0.0,N/A,1.1600000000000001,1.1600000000000001,1,1.1600000000000001,resolution,input_resolution,288x216
Danger.mp4,optimized,1,COMPLETED,EVALUATED,,,/home/geonug/kdt-linux/team_project/team_project/outputs/experiments/study-20260927T235637-8e7518db/resolution/input_resolution/288x216/optimized/Danger-r1,1500,1470,2.820967782055959,521.0977627431974,2,2,0,0.5,1.0,0.6666666666666666,1.4000000000000004,4,4,/home/geonug/kdt-linux/team_project/team_project/outputs/experiments/study-20260927T235637-8e7518db/resolution/input_resolution/288x216/optimized/Danger-r1/runs/20260927T235659-5b5a1adcb3,0,0,16.47253830578229,19.088959601568376,25.0,1500.0,60.0,0,4,4,0,PASS,2,0.5,N/A,0.8399999999999999,1.9600000000000009,2,2.8000000000000007,resolution,input_resolution,288x216
Browse.mp4,baseline,1,COMPLETED,EVALUATED,,,/home/geonug/kdt-linux/team_project/team_project/outputs/experiments/study-20260927T235637-8e7518db/resolution/input_resolution/384x288/baseline/Browse-r1,1051,1021,2.3347430920694023,437.3072152855308,1,2,0,0.3333333333333333,1.0,0.5,0.8,3,3,/home/geonug/kdt-linux/team_project/team_project/outputs/experiments/study-20260927T235637-8e7518db/resolution/input_resolution/384x288/baseline/Browse-r1/runs/20260927T235703-307a0d9dd9,0,0,0.004448783930562561,2.2752278951433627,25.0,1051.0,42.04,1,3,3,3,PASS,2,0.6666666666666666,N/A,0.8,0.8,1,0.8,resolution,input_resolution,384x288
Danger.mp4,baseline,1,COMPLETED,EVALUATED,,,/home/geonug/kdt-linux/team_project/team_project/outputs/experiments/study-20260927T235637-8e7518db/resolution/input_resolution/384x288/baseline/Danger-r1,1500,1470,2.9944762169616297,490.90388217928404,2,1,0,0.6666666666666666,1.0,0.8,1.4800000000000004,3,3,/home/geonug/kdt-linux/team_project/team_project/outputs/experiments/study-20260927T235637-8e7518db/resolution/input_resolution/384x288/baseline/Danger-r1/runs/20260927T235705-3ae084f41b,0,0,0.004509185776621306,2.026475876328998,25.0,1500.0,60.0,0,3,3,0,PASS,1,0.3333333333333333,N/A,0.8800000000000008,2.08,2,2.960000000000001,resolution,input_resolution,384x288
Browse.mp4,threaded,1,COMPLETED,EVALUATED,,,/home/geonug/kdt-linux/team_project/team_project/outputs/experiments/study-20260927T235637-8e7518db/resolution/input_resolution/384x288/threaded/Browse-r1,1051,1021,2.2720652769785374,449.37089191282274,1,2,0,0.3333333333333333,1.0,0.5,0.8,3,3,/home/geonug/kdt-linux/team_project/team_project/outputs/experiments/study-20260927T235637-8e7518db/resolution/input_resolution/384x288/threaded/Browse-r1/runs/20260927T235709-153c13874a,0,0,19.653382238838002,22.098818088445654,25.0,1051.0,42.04,1,3,3,3,PASS,2,0.6666666666666666,N/A,0.8,0.8,1,0.8,resolution,input_resolution,384x288
Danger.mp4,threaded,1,COMPLETED,EVALUATED,,,/home/geonug/kdt-linux/team_project/team_project/outputs/experiments/study-20260927T235637-8e7518db/resolution/input_resolution/384x288/threaded/Danger-r1,1500,1470,3.159821380977519,465.2161697650272,2,1,0,0.6666666666666666,1.0,0.8,1.4800000000000004,3,3,/home/geonug/kdt-linux/team_project/team_project/outputs/experiments/study-20260927T235637-8e7518db/resolution/input_resolution/384x288/threaded/Danger-r1/runs/20260927T235711-cef9b42cd5,0,0,19.044538070986263,21.398053157973248,25.0,1500.0,60.0,0,3,3,0,PASS,1,0.3333333333333333,N/A,0.8800000000000008,2.08,2,2.960000000000001,resolution,input_resolution,384x288
Browse.mp4,optimized,1,COMPLETED,EVALUATED,,,/home/geonug/kdt-linux/team_project/team_project/outputs/experiments/study-20260927T235637-8e7518db/resolution/input_resolution/384x288/optimized/Browse-r1,1051,1021,2.3417897350154817,435.991320968554,1,2,0,0.3333333333333333,1.0,0.5,0.8,3,3,/home/geonug/kdt-linux/team_project/team_project/outputs/experiments/study-20260927T235637-8e7518db/resolution/input_resolution/384x288/optimized/Browse-r1/runs/20260927T235715-1139d64c67,0,0,20.25808854177722,22.784762408987532,25.0,1051.0,42.04,1,3,3,3,PASS,2,0.6666666666666666,N/A,0.8,0.8,1,0.8,resolution,input_resolution,384x288
Danger.mp4,optimized,1,COMPLETED,EVALUATED,,,/home/geonug/kdt-linux/team_project/team_project/outputs/experiments/study-20260927T235637-8e7518db/resolution/input_resolution/384x288/optimized/Danger-r1,1500,1470,3.3987063800450414,432.51750390409387,2,1,0,0.6666666666666666,1.0,0.8,1.4800000000000004,3,3,/home/geonug/kdt-linux/team_project/team_project/outputs/experiments/study-20260927T235637-8e7518db/resolution/input_resolution/384x288/optimized/Danger-r1/runs/20260927T235717-690d05f204,0,0,20.47295661074534,23.01557788096343,25.0,1500.0,60.0,0,3,3,0,PASS,1,0.3333333333333333,N/A,0.8800000000000008,2.08,2,2.960000000000001,resolution,input_resolution,384x288
Browse.mp4,baseline,1,COMPLETED,EVALUATED,,,/home/geonug/kdt-linux/team_project/team_project/outputs/experiments/study-20260927T235637-8e7518db/optimization/input_thread/OFF/baseline/Browse-r1,1051,1021,2.5972272170474753,393.11154345620616,1,2,0,0.3333333333333333,1.0,0.5,0.8,3,3,/home/geonug/kdt-linux/team_project/team_project/outputs/experiments/study-20260927T235637-8e7518db/optimization/input_thread/OFF/baseline/Browse-r1/runs/20260927T235721-b55f14d852,0,0,0.005521002452707431,2.530320673628211,25.0,1051.0,42.04,1,3,3,3,PASS,2,0.6666666666666666,N/A,0.8,0.8,1,0.8,optimization,input_thread,OFF
Danger.mp4,baseline,1,COMPLETED,EVALUATED,,,/home/geonug/kdt-linux/team_project/team_project/outputs/experiments/study-20260927T235637-8e7518db/optimization/input_thread/OFF/baseline/Danger-r1,1500,1470,3.0157475729938596,487.44132737232684,2,1,0,0.6666666666666666,1.0,0.8,1.4800000000000004,3,3,/home/geonug/kdt-linux/team_project/team_project/outputs/experiments/study-20260927T235637-8e7518db/optimization/input_thread/OFF/baseline/Danger-r1/runs/20260927T235724-164b85cf91,0,0,0.004247591995513764,2.040637465792575,25.0,1500.0,60.0,0,3,3,0,PASS,1,0.3333333333333333,N/A,0.8800000000000008,2.08,2,2.960000000000001,optimization,input_thread,OFF
Browse.mp4,threaded,1,COMPLETED,EVALUATED,,,/home/geonug/kdt-linux/team_project/team_project/outputs/experiments/study-20260927T235637-8e7518db/optimization/input_thread/ON/threaded/Browse-r1,1051,1021,2.2492079550866038,453.9375728647053,1,2,0,0.3333333333333333,1.0,0.5,0.8,3,3,/home/geonug/kdt-linux/team_project/team_project/outputs/experiments/study-20260927T235637-8e7518db/optimization/input_thread/ON/threaded/Browse-r1/runs/20260927T235728-82c93755db,0,0,19.4452502707751,21.8710328298817,25.0,1051.0,42.04,1,3,3,3,PASS,2,0.6666666666666666,N/A,0.8,0.8,1,0.8,optimization,input_thread,ON
Danger.mp4,threaded,1,COMPLETED,EVALUATED,,,/home/geonug/kdt-linux/team_project/team_project/outputs/experiments/study-20260927T235637-8e7518db/optimization/input_thread/ON/threaded/Danger-r1,1500,1470,2.9656659830361605,495.67281292246463,2,1,0,0.6666666666666666,1.0,0.8,1.4800000000000004,3,3,/home/geonug/kdt-linux/team_project/team_project/outputs/experiments/study-20260927T235637-8e7518db/optimization/input_thread/ON/threaded/Danger-r1/runs/20260927T235730-62b67da52b,0,0,17.86609204750521,20.082375197433773,25.0,1500.0,60.0,0,3,3,0,PASS,1,0.3333333333333333,N/A,0.8800000000000008,2.08,2,2.960000000000001,optimization,input_thread,ON
Browse.mp4,optimized,1,COMPLETED,EVALUATED,,,/home/geonug/kdt-linux/team_project/team_project/outputs/experiments/study-20260927T235637-8e7518db/optimization/downscale/OFF/optimized/Browse-r1,1051,1021,2.2376064780401066,456.2911352018796,1,2,0,0.3333333333333333,1.0,0.5,0.8,3,3,/home/geonug/kdt-linux/team_project/team_project/outputs/experiments/study-20260927T235637-8e7518db/optimization/downscale/OFF/optimized/Browse-r1/runs/20260927T235734-afa0c2dcb7,0,0,19.363972219984237,21.77365429847192,25.0,1051.0,42.04,1,3,3,3,PASS,2,0.6666666666666666,N/A,0.8,0.8,1,0.8,optimization,downscale,OFF
Danger.mp4,optimized,1,COMPLETED,EVALUATED,,,/home/geonug/kdt-linux/team_project/team_project/outputs/experiments/study-20260927T235637-8e7518db/optimization/downscale/OFF/optimized/Danger-r1,1500,1470,3.263990076025948,450.3690163757452,2,1,0,0.6666666666666666,1.0,0.8,1.4800000000000004,3,3,/home/geonug/kdt-linux/team_project/team_project/outputs/experiments/study-20260927T235637-8e7518db/optimization/downscale/OFF/optimized/Danger-r1/runs/20260927T235736-0cf3e465d4,0,0,19.660098595563703,22.09679596173596,25.0,1500.0,60.0,0,3,3,0,PASS,1,0.3333333333333333,N/A,0.8800000000000008,2.08,2,2.960000000000001,optimization,downscale,OFF
Browse.mp4,optimized,1,COMPLETED,EVALUATED,,,/home/geonug/kdt-linux/team_project/team_project/outputs/experiments/study-20260927T235637-8e7518db/optimization/downscale/ON/optimized/Browse-r1,1051,1021,1.0319707839516923,989.3690944333887,1,0,0,1.0,1.0,1.0,1.1600000000000001,1,1,/home/geonug/kdt-linux/team_project/team_project/outputs/experiments/study-20260927T235637-8e7518db/optimization/downscale/ON/optimized/Browse-r1/runs/20260927T235740-dd9363e931,0,0,8.898023394849535,10.050339323270567,25.0,1051.0,42.04,0,1,1,1,PASS,0,0.0,N/A,1.1600000000000001,1.1600000000000001,1,1.1600000000000001,optimization,downscale,ON
Danger.mp4,optimized,1,COMPLETED,EVALUATED,,,/home/geonug/kdt-linux/team_project/team_project/outputs/experiments/study-20260927T235637-8e7518db/optimization/downscale/ON/optimized/Danger-r1,1500,1470,1.7689290080452338,831.01130306209,2,2,0,0.5,1.0,0.6666666666666666,1.2400000000000002,4,4,/home/geonug/kdt-linux/team_project/team_project/outputs/experiments/study-20260927T235637-8e7518db/optimization/downscale/ON/optimized/Danger-r1/runs/20260927T235741-9e46d2085d,0,0,10.637243243716783,11.95997077810141,25.0,1500.0,60.0,0,4,4,0,PASS,2,0.5,N/A,0.7200000000000006,1.7599999999999998,2,2.4800000000000004,optimization,downscale,ON
Browse.mp4,optimized,1,COMPLETED,EVALUATED,,,/home/geonug/kdt-linux/team_project/team_project/outputs/experiments/study-20260927T235637-8e7518db/optimization/roi/OFF/optimized/Browse-r1,1051,1021,2.242108094971627,455.37501170875544,1,2,0,0.3333333333333333,1.0,0.5,0.8,3,3,/home/geonug/kdt-linux/team_project/team_project/outputs/experiments/study-20260927T235637-8e7518db/optimization/roi/OFF/optimized/Browse-r1/runs/20260927T235744-131678789f,0,0,19.392121841594665,21.807384567543224,25.0,1051.0,42.04,1,3,3,3,PASS,2,0.6666666666666666,N/A,0.8,0.8,1,0.8,optimization,roi,OFF
Danger.mp4,optimized,1,COMPLETED,EVALUATED,,,/home/geonug/kdt-linux/team_project/team_project/outputs/experiments/study-20260927T235637-8e7518db/optimization/roi/OFF/optimized/Danger-r1,1500,1470,3.055805228999816,481.05160173482005,2,1,0,0.6666666666666666,1.0,0.8,1.4800000000000004,3,3,/home/geonug/kdt-linux/team_project/team_project/outputs/experiments/study-20260927T235637-8e7518db/optimization/roi/OFF/optimized/Danger-r1/runs/20260927T235746-48953187c4,0,0,18.411550688284898,20.692986243667374,25.0,1500.0,60.0,0,3,3,0,PASS,1,0.3333333333333333,N/A,0.8800000000000008,2.08,2,2.960000000000001,optimization,roi,OFF
Browse.mp4,optimized,1,COMPLETED,EVALUATED,,,/home/geonug/kdt-linux/team_project/team_project/outputs/experiments/study-20260927T235637-8e7518db/optimization/roi/ON/optimized/Browse-r1,1051,1021,1.4310623769415542,713.4559726055173,1,2,0,0.3333333333333333,1.0,0.5,0.8,3,3,/home/geonug/kdt-linux/team_project/team_project/outputs/experiments/study-20260927T235637-8e7518db/optimization/roi/ON/optimized/Browse-r1/runs/20260927T235750-f5c1c18630,0,0,12.33753517744871,13.881023764910394,25.0,1051.0,42.04,1,3,3,3,PASS,2,0.6666666666666666,N/A,0.8,0.8,1,0.8,optimization,roi,ON
Danger.mp4,optimized,1,COMPLETED,EVALUATED,,,/home/geonug/kdt-linux/team_project/team_project/outputs/experiments/study-20260927T235637-8e7518db/optimization/roi/ON/optimized/Danger-r1,1500,1470,1.6596394999651238,885.7345224856911,2,1,0,0.6666666666666666,1.0,0.8,1.4800000000000004,3,3,/home/geonug/kdt-linux/team_project/team_project/outputs/experiments/study-20260927T235637-8e7518db/optimization/roi/ON/optimized/Danger-r1/runs/20260927T235751-64769e11e1,0,0,9.9819216220703,11.233807528996524,25.0,1500.0,60.0,0,3,3,0,PASS,1,0.3333333333333333,N/A,0.8800000000000008,2.08,2,2.960000000000001,optimization,roi,ON
Browse.mp4,threaded,1,COMPLETED,EVALUATED,,,/home/geonug/kdt-linux/team_project/team_project/outputs/experiments/study-20260927T235637-8e7518db/optimization/queue_capacity/OFF/threaded/Browse-r1,1051,1021,2.3899426099378616,427.20691105906764,1,2,0,0.3333333333333333,1.0,0.5,0.8,3,3,/home/geonug/kdt-linux/team_project/team_project/outputs/experiments/study-20260927T235637-8e7518db/optimization/queue_capacity/OFF/threaded/Browse-r1/runs/20260927T235753-ef4a5c4d96,0,0,20.678472177382744,23.255455626578897,25.0,1051.0,42.04,1,3,3,3,PASS,2,0.6666666666666666,N/A,0.8,0.8,1,0.8,optimization,queue_capacity,OFF
Danger.mp4,threaded,1,COMPLETED,EVALUATED,,,/home/geonug/kdt-linux/team_project/team_project/outputs/experiments/study-20260927T235637-8e7518db/optimization/queue_capacity/OFF/threaded/Danger-r1,1500,1470,3.1202277240809053,471.11945985705364,2,1,0,0.6666666666666666,1.0,0.8,1.4800000000000004,3,3,/home/geonug/kdt-linux/team_project/team_project/outputs/experiments/study-20260927T235637-8e7518db/optimization/queue_capacity/OFF/threaded/Danger-r1/runs/20260927T235756-f30f242b12,0,0,18.814876654936114,21.141293840435313,25.0,1500.0,60.0,0,3,3,0,PASS,1,0.3333333333333333,N/A,0.8800000000000008,2.08,2,2.960000000000001,optimization,queue_capacity,OFF
Browse.mp4,threaded,1,COMPLETED,EVALUATED,,,/home/geonug/kdt-linux/team_project/team_project/outputs/experiments/study-20260927T235637-8e7518db/optimization/queue_capacity/ON/threaded/Browse-r1,1051,1021,2.724327101954259,374.77144329240036,1,2,0,0.3333333333333333,1.0,0.5,0.8,3,3,/home/geonug/kdt-linux/team_project/team_project/outputs/experiments/study-20260927T235637-8e7518db/optimization/queue_capacity/ON/threaded/Browse-r1/runs/20260927T235800-108175c609,0,0,7.6173273876152505,10.545937053678625,25.0,1051.0,42.04,1,3,3,3,PASS,2,0.6666666666666666,N/A,0.8,0.8,1,0.8,optimization,queue_capacity,ON
Danger.mp4,threaded,1,COMPLETED,EVALUATED,,,/home/geonug/kdt-linux/team_project/team_project/outputs/experiments/study-20260927T235637-8e7518db/optimization/queue_capacity/ON/threaded/Danger-r1,1500,1470,3.217376064043492,456.8940561311171,2,1,0,0.6666666666666666,1.0,0.8,1.4800000000000004,3,3,/home/geonug/kdt-linux/team_project/team_project/outputs/experiments/study-20260927T235637-8e7518db/optimization/queue_capacity/ON/threaded/Danger-r1/runs/20260927T235803-056aa14990,0,0,6.250912271563572,8.653156157997975,25.0,1500.0,60.0,0,3,3,0,PASS,1,0.3333333333333333,N/A,0.8800000000000008,2.08,2,2.960000000000001,optimization,queue_capacity,ON
Browse.mp4,optimized,1,COMPLETED,EVALUATED,,,/home/geonug/kdt-linux/team_project/team_project/outputs/experiments/study-20260927T235637-8e7518db/optimization/opencv_threads/OFF/optimized/Browse-r1,1051,1021,2.3154567551100627,440.94971661496993,1,2,0,0.3333333333333333,1.0,0.5,0.8,3,3,/home/geonug/kdt-linux/team_project/team_project/outputs/experiments/study-20260927T235637-8e7518db/optimization/opencv_threads/OFF/optimized/Browse-r1/runs/20260927T235806-d5110d7d74,0,0,20.010107519774607,22.51365019912019,25.0,1051.0,42.04,1,3,3,3,PASS,2,0.6666666666666666,N/A,0.8,0.8,1,0.8,optimization,opencv_threads,OFF
Danger.mp4,optimized,1,COMPLETED,EVALUATED,,,/home/geonug/kdt-linux/team_project/team_project/outputs/experiments/study-20260927T235637-8e7518db/optimization/opencv_threads/OFF/optimized/Danger-r1,1500,1470,3.003554221941158,489.4201640381768,2,1,0,0.6666666666666666,1.0,0.8,1.4800000000000004,3,3,/home/geonug/kdt-linux/team_project/team_project/outputs/experiments/study-20260927T235637-8e7518db/optimization/opencv_threads/OFF/optimized/Danger-r1/runs/20260927T235809-1c9c641031,0,0,18.093755909045335,20.33919142717559,25.0,1500.0,60.0,0,3,3,0,PASS,1,0.3333333333333333,N/A,0.8800000000000008,2.08,2,2.960000000000001,optimization,opencv_threads,OFF
Browse.mp4,optimized,1,COMPLETED,EVALUATED,,,/home/geonug/kdt-linux/team_project/team_project/outputs/experiments/study-20260927T235637-8e7518db/optimization/opencv_threads/ON/optimized/Browse-r1,1051,1021,2.888550400035456,353.46449208138023,1,2,0,0.3333333333333333,1.0,0.5,0.8,3,3,/home/geonug/kdt-linux/team_project/team_project/outputs/experiments/study-20260927T235637-8e7518db/optimization/opencv_threads/ON/optimized/Browse-r1/runs/20260927T235812-dc1f015839,0,0,25.103594582043517,28.121044775370752,25.0,1051.0,42.04,1,3,3,3,PASS,2,0.6666666666666666,N/A,0.8,0.8,1,0.8,optimization,opencv_threads,ON
Danger.mp4,optimized,1,COMPLETED,EVALUATED,,,/home/geonug/kdt-linux/team_project/team_project/outputs/experiments/study-20260927T235637-8e7518db/optimization/opencv_threads/ON/optimized/Danger-r1,1500,1470,3.855243605095893,381.2988621670863,2,1,0,0.6666666666666666,1.0,0.8,1.4800000000000004,3,3,/home/geonug/kdt-linux/team_project/team_project/outputs/experiments/study-20260927T235637-8e7518db/optimization/opencv_threads/ON/optimized/Danger-r1/runs/20260927T235816-2da94559e7,0,0,23.31006390836128,26.109169830400244,25.0,1500.0,60.0,0,3,3,0,PASS,1,0.3333333333333333,N/A,0.8800000000000008,2.08,2,2.960000000000001,optimization,opencv_threads,ON
Browse.mp4,optimized,2,COMPLETED,EVALUATED,,,/home/geonug/kdt-linux/team_project/team_project/outputs/experiments/study-20260927T235637-8e7518db/optimization/opencv_threads/ON/optimized/Browse-r2,1051,1021,2.789291440974921,366.04278240754115,1,2,0,0.3333333333333333,1.0,0.5,0.8,3,3,/home/geonug/kdt-linux/team_project/team_project/outputs/experiments/study-20260927T235637-8e7518db/optimization/opencv_threads/ON/optimized/Browse-r2/runs/20260927T235820-beebf2048f,0,0,24.252079093617173,27.173004669673652,25.0,1051.0,42.04,1,3,3,3,PASS,2,0.6666666666666666,N/A,0.8,0.8,1,0.8,optimization,opencv_threads,ON
Danger.mp4,optimized,2,COMPLETED,EVALUATED,,,/home/geonug/kdt-linux/team_project/team_project/outputs/experiments/study-20260927T235637-8e7518db/optimization/opencv_threads/ON/optimized/Danger-r2,1500,1470,3.7846165880328044,388.41451063979173,2,1,0,0.6666666666666666,1.0,0.8,1.4800000000000004,3,3,/home/geonug/kdt-linux/team_project/team_project/outputs/experiments/study-20260927T235637-8e7518db/optimization/opencv_threads/ON/optimized/Danger-r2/runs/20260927T235823-e7651ee35b,0,0,22.907652165804084,25.661226114508423,25.0,1500.0,60.0,0,3,3,0,PASS,1,0.3333333333333333,N/A,0.8800000000000008,2.08,2,2.960000000000001,optimization,opencv_threads,ON
Browse.mp4,optimized,2,COMPLETED,EVALUATED,,,/home/geonug/kdt-linux/team_project/team_project/outputs/experiments/study-20260927T235637-8e7518db/optimization/opencv_threads/OFF/optimized/Browse-r2,1051,1021,2.1976863879244775,464.5794803162271,1,2,0,0.3333333333333333,1.0,0.5,0.8,3,3,/home/geonug/kdt-linux/team_project/team_project/outputs/experiments/study-20260927T235637-8e7518db/optimization/opencv_threads/OFF/optimized/Browse-r2/runs/20260927T235827-f64f25fbaf,0,0,19.00449065522571,21.377088625077977,25.0,1051.0,42.04,1,3,3,3,PASS,2,0.6666666666666666,N/A,0.8,0.8,1,0.8,optimization,opencv_threads,OFF
Danger.mp4,optimized,2,COMPLETED,EVALUATED,,,/home/geonug/kdt-linux/team_project/team_project/outputs/experiments/study-20260927T235637-8e7518db/optimization/opencv_threads/OFF/optimized/Danger-r2,1500,1470,3.117368142004125,471.55162080246055,2,1,0,0.6666666666666666,1.0,0.8,1.4800000000000004,3,3,/home/geonug/kdt-linux/team_project/team_project/outputs/experiments/study-20260927T235637-8e7518db/optimization/opencv_threads/OFF/optimized/Danger-r2/runs/20260927T235830-a4543a2f9b,0,0,18.771816060567897,21.097322054869387,25.0,1500.0,60.0,0,3,3,0,PASS,1,0.3333333333333333,N/A,0.8800000000000008,2.08,2,2.960000000000001,optimization,opencv_threads,OFF
Browse.mp4,threaded,2,COMPLETED,EVALUATED,,,/home/geonug/kdt-linux/team_project/team_project/outputs/experiments/study-20260927T235637-8e7518db/optimization/queue_capacity/ON/threaded/Browse-r2,1051,1021,2.891399407060817,353.11620992475514,1,2,0,0.3333333333333333,1.0,0.5,0.8,3,3,/home/geonug/kdt-linux/team_project/team_project/outputs/experiments/study-20260927T235637-8e7518db/optimization/queue_capacity/ON/threaded/Browse-r2/runs/20260927T235833-d30a7dc35e,0,0,8.078694474348847,11.189888462120527,25.0,1051.0,42.04,1,3,3,3,PASS,2,0.6666666666666666,N/A,0.8,0.8,1,0.8,optimization,queue_capacity,ON
Danger.mp4,threaded,2,COMPLETED,EVALUATED,,,/home/geonug/kdt-linux/team_project/team_project/outputs/experiments/study-20260927T235637-8e7518db/optimization/queue_capacity/ON/threaded/Danger-r2,1500,1470,3.3330408160109073,441.0387034381848,2,1,0,0.6666666666666666,1.0,0.8,1.4800000000000004,3,3,/home/geonug/kdt-linux/team_project/team_project/outputs/experiments/study-20260927T235637-8e7518db/optimization/queue_capacity/ON/threaded/Danger-r2/runs/20260927T235837-d86d5a9ccb,0,0,6.46029727368736,8.943209169134752,25.0,1500.0,60.0,0,3,3,0,PASS,1,0.3333333333333333,N/A,0.8800000000000008,2.08,2,2.960000000000001,optimization,queue_capacity,ON
Browse.mp4,threaded,2,COMPLETED,EVALUATED,,,/home/geonug/kdt-linux/team_project/team_project/outputs/experiments/study-20260927T235637-8e7518db/optimization/queue_capacity/OFF/threaded/Browse-r2,1051,1021,2.26945339795202,449.8880659639725,1,2,0,0.3333333333333333,1.0,0.5,0.8,3,3,/home/geonug/kdt-linux/team_project/team_project/outputs/experiments/study-20260927T235637-8e7518db/optimization/queue_capacity/OFF/threaded/Browse-r2/runs/20260927T235841-308817b040,0,0,19.62813658500227,22.066480969398096,25.0,1051.0,42.04,1,3,3,3,PASS,2,0.6666666666666666,N/A,0.8,0.8,1,0.8,optimization,queue_capacity,OFF
Danger.mp4,threaded,2,COMPLETED,EVALUATED,,,/home/geonug/kdt-linux/team_project/team_project/outputs/experiments/study-20260927T235637-8e7518db/optimization/queue_capacity/OFF/threaded/Danger-r2,1500,1470,3.124402652028948,470.48993478654245,2,1,0,0.6666666666666666,1.0,0.8,1.4800000000000004,3,3,/home/geonug/kdt-linux/team_project/team_project/outputs/experiments/study-20260927T235637-8e7518db/optimization/queue_capacity/OFF/threaded/Danger-r2/runs/20260927T235843-cb933a1eca,0,0,18.810539820855546,21.145485350101882,25.0,1500.0,60.0,0,3,3,0,PASS,1,0.3333333333333333,N/A,0.8800000000000008,2.08,2,2.960000000000001,optimization,queue_capacity,OFF
Browse.mp4,optimized,2,COMPLETED,EVALUATED,,,/home/geonug/kdt-linux/team_project/team_project/outputs/experiments/study-20260927T235637-8e7518db/optimization/roi/ON/optimized/Browse-r2,1051,1021,1.528064261074178,668.1656171202324,1,2,0,0.3333333333333333,1.0,0.5,0.8,3,3,/home/geonug/kdt-linux/team_project/team_project/outputs/experiments/study-20260927T235637-8e7518db/optimization/roi/ON/optimized/Browse-r2/runs/20260927T235847-a746acbfa7,0,0,13.174174296241855,14.830341803782915,25.0,1051.0,42.04,1,3,3,3,PASS,2,0.6666666666666666,N/A,0.8,0.8,1,0.8,optimization,roi,ON
Danger.mp4,optimized,2,COMPLETED,EVALUATED,,,/home/geonug/kdt-linux/team_project/team_project/outputs/experiments/study-20260927T235637-8e7518db/optimization/roi/ON/optimized/Danger-r2,1500,1470,1.8592473670141771,790.6425073284995,2,1,0,0.6666666666666666,1.0,0.8,1.4800000000000004,3,3,/home/geonug/kdt-linux/team_project/team_project/outputs/experiments/study-20260927T235637-8e7518db/optimization/roi/ON/optimized/Danger-r2/runs/20260927T235849-98d0686afc,0,0,11.152154640421323,12.575599384338906,25.0,1500.0,60.0,0,3,3,0,PASS,1,0.3333333333333333,N/A,0.8800000000000008,2.08,2,2.960000000000001,optimization,roi,ON
Browse.mp4,optimized,2,COMPLETED,EVALUATED,,,/home/geonug/kdt-linux/team_project/team_project/outputs/experiments/study-20260927T235637-8e7518db/optimization/roi/OFF/optimized/Browse-r2,1051,1021,2.2442437959834933,454.9416608958778,1,2,0,0.3333333333333333,1.0,0.5,0.8,3,3,/home/geonug/kdt-linux/team_project/team_project/outputs/experiments/study-20260927T235637-8e7518db/optimization/roi/OFF/optimized/Browse-r2/runs/20260927T235851-245cb1f709,0,0,19.429568426380705,21.843640901555144,25.0,1051.0,42.04,1,3,3,3,PASS,2,0.6666666666666666,N/A,0.8,0.8,1,0.8,optimization,roi,OFF
Danger.mp4,optimized,2,COMPLETED,EVALUATED,,,/home/geonug/kdt-linux/team_project/team_project/outputs/experiments/study-20260927T235637-8e7518db/optimization/roi/OFF/optimized/Danger-r2,1500,1470,3.0144901080057025,487.6446587421408,2,1,0,0.6666666666666666,1.0,0.8,1.4800000000000004,3,3,/home/geonug/kdt-linux/team_project/team_project/outputs/experiments/study-20260927T235637-8e7518db/optimization/roi/OFF/optimized/Danger-r2/runs/20260927T235854-a5aa88200a,0,0,18.174893068320745,20.424524582304745,25.0,1500.0,60.0,0,3,3,0,PASS,1,0.3333333333333333,N/A,0.8800000000000008,2.08,2,2.960000000000001,optimization,roi,OFF
Browse.mp4,optimized,2,COMPLETED,EVALUATED,,,/home/geonug/kdt-linux/team_project/team_project/outputs/experiments/study-20260927T235637-8e7518db/optimization/downscale/ON/optimized/Browse-r2,1051,1021,1.0018214809242636,1019.1436492837453,1,0,0,1.0,1.0,1.0,1.1600000000000001,1,1,/home/geonug/kdt-linux/team_project/team_project/outputs/experiments/study-20260927T235637-8e7518db/optimization/downscale/ON/optimized/Browse-r2/runs/20260927T235857-230bfa83b0,0,0,8.651590130627557,9.769249294704807,25.0,1051.0,42.04,0,1,1,1,PASS,0,0.0,N/A,1.1600000000000001,1.1600000000000001,1,1.1600000000000001,optimization,downscale,ON
Danger.mp4,optimized,2,COMPLETED,EVALUATED,,,/home/geonug/kdt-linux/team_project/team_project/outputs/experiments/study-20260927T235637-8e7518db/optimization/downscale/ON/optimized/Danger-r2,1500,1470,1.8314510930795223,802.6422357411933,2,2,0,0.5,1.0,0.6666666666666666,1.2400000000000002,4,4,/home/geonug/kdt-linux/team_project/team_project/outputs/experiments/study-20260927T235637-8e7518db/optimization/downscale/ON/optimized/Danger-r2/runs/20260927T235858-b082ba4537,0,0,10.99356304177837,12.365397009887689,25.0,1500.0,60.0,0,4,4,0,PASS,2,0.5,N/A,0.7200000000000006,1.7599999999999998,2,2.4800000000000004,optimization,downscale,ON
Browse.mp4,optimized,2,COMPLETED,EVALUATED,,,/home/geonug/kdt-linux/team_project/team_project/outputs/experiments/study-20260927T235637-8e7518db/optimization/downscale/OFF/optimized/Browse-r2,1051,1021,2.2224292809842154,459.4071940718151,1,2,0,0.3333333333333333,1.0,0.5,0.8,3,3,/home/geonug/kdt-linux/team_project/team_project/outputs/experiments/study-20260927T235637-8e7518db/optimization/downscale/OFF/optimized/Browse-r2/runs/20260927T235901-dcde504919,0,0,19.216534370455225,21.616983631635804,25.0,1051.0,42.04,1,3,3,3,PASS,2,0.6666666666666666,N/A,0.8,0.8,1,0.8,optimization,downscale,OFF
Danger.mp4,optimized,2,COMPLETED,EVALUATED,,,/home/geonug/kdt-linux/team_project/team_project/outputs/experiments/study-20260927T235637-8e7518db/optimization/downscale/OFF/optimized/Danger-r2,1500,1470,3.033707948983647,484.5555421682827,2,1,0,0.6666666666666666,1.0,0.8,1.4800000000000004,3,3,/home/geonug/kdt-linux/team_project/team_project/outputs/experiments/study-20260927T235637-8e7518db/optimization/downscale/OFF/optimized/Danger-r2/runs/20260927T235903-ecb5f7f647,0,0,18.28645645240068,20.545294397387046,25.0,1500.0,60.0,0,3,3,0,PASS,1,0.3333333333333333,N/A,0.8800000000000008,2.08,2,2.960000000000001,optimization,downscale,OFF
Browse.mp4,threaded,2,COMPLETED,EVALUATED,,,/home/geonug/kdt-linux/team_project/team_project/outputs/experiments/study-20260927T235637-8e7518db/optimization/input_thread/ON/threaded/Browse-r2,1051,1021,2.3610799859743565,432.42922987154105,1,2,0,0.3333333333333333,1.0,0.5,0.8,3,3,/home/geonug/kdt-linux/team_project/team_project/outputs/experiments/study-20260927T235637-8e7518db/optimization/input_thread/ON/threaded/Browse-r2/runs/20260927T235907-73e1133a6f,0,0,20.394190152432955,22.92992739427842,25.0,1051.0,42.04,1,3,3,3,PASS,2,0.6666666666666666,N/A,0.8,0.8,1,0.8,optimization,input_thread,ON
Danger.mp4,threaded,2,COMPLETED,EVALUATED,,,/home/geonug/kdt-linux/team_project/team_project/outputs/experiments/study-20260927T235637-8e7518db/optimization/input_thread/ON/threaded/Danger-r2,1500,1470,2.989447394036688,491.7296765055433,2,1,0,0.6666666666666666,1.0,0.8,1.4800000000000004,3,3,/home/geonug/kdt-linux/team_project/team_project/outputs/experiments/study-20260927T235637-8e7518db/optimization/input_thread/ON/threaded/Danger-r2/runs/20260927T235909-636d74a669,0,0,18.02017329487202,20.25123347875149,25.0,1500.0,60.0,0,3,3,0,PASS,1,0.3333333333333333,N/A,0.8800000000000008,2.08,2,2.960000000000001,optimization,input_thread,ON
Browse.mp4,baseline,2,COMPLETED,EVALUATED,,,/home/geonug/kdt-linux/team_project/team_project/outputs/experiments/study-20260927T235637-8e7518db/optimization/input_thread/OFF/baseline/Browse-r2,1051,1021,2.3167850699974224,440.6969007276691,1,2,0,0.3333333333333333,1.0,0.5,0.8,3,3,/home/geonug/kdt-linux/team_project/team_project/outputs/experiments/study-20260927T235637-8e7518db/optimization/input_thread/OFF/baseline/Browse-r2/runs/20260927T235913-02819e98db,0,0,0.004671615626878241,2.2559061770288165,25.0,1051.0,42.04,1,3,3,3,PASS,2,0.6666666666666666,N/A,0.8,0.8,1,0.8,optimization,input_thread,OFF
Danger.mp4,baseline,2,COMPLETED,EVALUATED,,,/home/geonug/kdt-linux/team_project/team_project/outputs/experiments/study-20260927T235637-8e7518db/optimization/input_thread/OFF/baseline/Danger-r2,1500,1470,3.3163670561043546,443.25612187414765,2,1,0,0.6666666666666666,1.0,0.8,1.4800000000000004,3,3,/home/geonug/kdt-linux/team_project/team_project/outputs/experiments/study-20260927T235637-8e7518db/optimization/input_thread/OFF/baseline/Danger-r2/runs/20260927T235915-597d369f49,0,0,0.005122407840019992,2.2438922706123465,25.0,1500.0,60.0,0,3,3,0,PASS,1,0.3333333333333333,N/A,0.8800000000000008,2.08,2,2.960000000000001,optimization,input_thread,OFF
Browse.mp4,optimized,2,COMPLETED,EVALUATED,,,/home/geonug/kdt-linux/team_project/team_project/outputs/experiments/study-20260927T235637-8e7518db/resolution/input_resolution/384x288/optimized/Browse-r2,1051,1021,2.2623497920576483,451.3006801973721,1,2,0,0.3333333333333333,1.0,0.5,0.8,3,3,/home/geonug/kdt-linux/team_project/team_project/outputs/experiments/study-20260927T235637-8e7518db/resolution/input_resolution/384x288/optimized/Browse-r2/runs/20260927T235919-acb2003255,0,0,19.577610123210224,22.00479441708689,25.0,1051.0,42.04,1,3,3,3,PASS,2,0.6666666666666666,N/A,0.8,0.8,1,0.8,resolution,input_resolution,384x288
Danger.mp4,optimized,2,COMPLETED,EVALUATED,,,/home/geonug/kdt-linux/team_project/team_project/outputs/experiments/study-20260927T235637-8e7518db/resolution/input_resolution/384x288/optimized/Danger-r2,1500,1470,2.971167256939225,494.75504839614246,2,1,0,0.6666666666666666,1.0,0.8,1.4800000000000004,3,3,/home/geonug/kdt-linux/team_project/team_project/outputs/experiments/study-20260927T235637-8e7518db/resolution/input_resolution/384x288/optimized/Danger-r2/runs/20260927T235922-c195eeeb0b,0,0,17.915279321375678,20.133620494625017,25.0,1500.0,60.0,0,3,3,0,PASS,1,0.3333333333333333,N/A,0.8800000000000008,2.08,2,2.960000000000001,resolution,input_resolution,384x288
Browse.mp4,threaded,2,COMPLETED,EVALUATED,,,/home/geonug/kdt-linux/team_project/team_project/outputs/experiments/study-20260927T235637-8e7518db/resolution/input_resolution/384x288/threaded/Browse-r2,1051,1021,2.4822693940950558,411.3171609934058,1,2,0,0.3333333333333333,1.0,0.5,0.8,3,3,/home/geonug/kdt-linux/team_project/team_project/outputs/experiments/study-20260927T235637-8e7518db/resolution/input_resolution/384x288/threaded/Browse-r2/runs/20260927T235925-c44c683f62,0,0,21.460105103589267,24.139878014649877,25.0,1051.0,42.04,1,3,3,3,PASS,2,0.6666666666666666,N/A,0.8,0.8,1,0.8,resolution,input_resolution,384x288
Danger.mp4,threaded,2,COMPLETED,EVALUATED,,,/home/geonug/kdt-linux/team_project/team_project/outputs/experiments/study-20260927T235637-8e7518db/resolution/input_resolution/384x288/threaded/Danger-r2,1500,1470,3.0076333509059623,488.75638367196757,2,1,0,0.6666666666666666,1.0,0.8,1.4800000000000004,3,3,/home/geonug/kdt-linux/team_project/team_project/outputs/experiments/study-20260927T235637-8e7518db/resolution/input_resolution/384x288/threaded/Danger-r2/runs/20260927T235928-ea42d7c7a7,0,0,18.134270976836078,20.3826634768479,25.0,1500.0,60.0,0,3,3,0,PASS,1,0.3333333333333333,N/A,0.8800000000000008,2.08,2,2.960000000000001,resolution,input_resolution,384x288
Browse.mp4,baseline,2,COMPLETED,EVALUATED,,,/home/geonug/kdt-linux/team_project/team_project/outputs/experiments/study-20260927T235637-8e7518db/resolution/input_resolution/384x288/baseline/Browse-r2,1051,1021,2.3437333030160517,435.62977011339905,1,2,0,0.3333333333333333,1.0,0.5,0.8,3,3,/home/geonug/kdt-linux/team_project/team_project/outputs/experiments/study-20260927T235637-8e7518db/resolution/input_resolution/384x288/baseline/Browse-r2/runs/20260927T235931-d61c77a7b6,0,0,0.004796511251898984,2.2838254116911596,25.0,1051.0,42.04,1,3,3,3,PASS,2,0.6666666666666666,N/A,0.8,0.8,1,0.8,resolution,input_resolution,384x288
Danger.mp4,baseline,2,COMPLETED,EVALUATED,,,/home/geonug/kdt-linux/team_project/team_project/outputs/experiments/study-20260927T235637-8e7518db/resolution/input_resolution/384x288/baseline/Danger-r2,1500,1470,3.3967088190838695,432.7718619096928,2,1,0,0.6666666666666666,1.0,0.8,1.4800000000000004,3,3,/home/geonug/kdt-linux/team_project/team_project/outputs/experiments/study-20260927T235637-8e7518db/resolution/input_resolution/384x288/baseline/Danger-r2/runs/20260927T235934-28a7b142fa,0,0,0.0049182346097009924,2.297795127022403,25.0,1500.0,60.0,0,3,3,0,PASS,1,0.3333333333333333,N/A,0.8800000000000008,2.08,2,2.960000000000001,resolution,input_resolution,384x288
Browse.mp4,optimized,2,COMPLETED,EVALUATED,,,/home/geonug/kdt-linux/team_project/team_project/outputs/experiments/study-20260927T235637-8e7518db/resolution/input_resolution/288x216/optimized/Browse-r2,1051,1021,1.7909288350492716,570.0952377440003,1,0,0,1.0,1.0,1.0,1.1600000000000001,1,1,/home/geonug/kdt-linux/team_project/team_project/outputs/experiments/study-20260927T235637-8e7518db/resolution/input_resolution/288x216/optimized/Browse-r2/runs/20260927T235938-e004aab47f,0,0,14.984798540696904,17.466566788331843,25.0,1051.0,42.04,0,1,1,1,PASS,0,0.0,N/A,1.1600000000000001,1.1600000000000001,1,1.1600000000000001,resolution,input_resolution,288x216
Danger.mp4,optimized,2,COMPLETED,EVALUATED,,,/home/geonug/kdt-linux/team_project/team_project/outputs/experiments/study-20260927T235637-8e7518db/resolution/input_resolution/288x216/optimized/Danger-r2,1500,1470,2.9170200240332633,503.9389472436605,2,2,0,0.5,1.0,0.6666666666666666,1.4000000000000004,4,4,/home/geonug/kdt-linux/team_project/team_project/outputs/experiments/study-20260927T235637-8e7518db/resolution/input_resolution/288x216/optimized/Danger-r2/runs/20260927T235940-66d04c2442,0,0,17.04446699345155,19.733124463755612,25.0,1500.0,60.0,0,4,4,0,PASS,2,0.5,N/A,0.8399999999999999,1.9600000000000009,2,2.8000000000000007,resolution,input_resolution,288x216
Browse.mp4,threaded,2,COMPLETED,EVALUATED,,,/home/geonug/kdt-linux/team_project/team_project/outputs/experiments/study-20260927T235637-8e7518db/resolution/input_resolution/288x216/threaded/Browse-r2,1051,1021,1.7761026319349185,574.8541675700936,1,0,0,1.0,1.0,1.0,1.1600000000000001,1,1,/home/geonug/kdt-linux/team_project/team_project/outputs/experiments/study-20260927T235637-8e7518db/resolution/input_resolution/288x216/threaded/Browse-r2/runs/20260927T235943-9c9de9573d,0,0,14.86454216510707,17.337691135080593,25.0,1051.0,42.04,0,1,1,1,PASS,0,0.0,N/A,1.1600000000000001,1.1600000000000001,1,1.1600000000000001,resolution,input_resolution,288x216
Danger.mp4,threaded,2,COMPLETED,EVALUATED,,,/home/geonug/kdt-linux/team_project/team_project/outputs/experiments/study-20260927T235637-8e7518db/resolution/input_resolution/288x216/threaded/Danger-r2,1500,1470,2.9361802629427984,500.6504602434343,2,2,0,0.5,1.0,0.6666666666666666,1.4000000000000004,4,4,/home/geonug/kdt-linux/team_project/team_project/outputs/experiments/study-20260927T235637-8e7518db/resolution/input_resolution/288x216/threaded/Danger-r2/runs/20260927T235945-3cf7b24320,0,0,17.171650526642825,19.872444513060636,25.0,1500.0,60.0,0,4,4,0,PASS,2,0.5,N/A,0.8399999999999999,1.9600000000000009,2,2.8000000000000007,resolution,input_resolution,288x216
Browse.mp4,baseline,2,COMPLETED,EVALUATED,,,/home/geonug/kdt-linux/team_project/team_project/outputs/experiments/study-20260927T235637-8e7518db/resolution/input_resolution/288x216/baseline/Browse-r2,1051,1021,2.1375730730360374,477.64448985589695,1,0,0,1.0,1.0,1.0,1.1600000000000001,1,1,/home/geonug/kdt-linux/team_project/team_project/outputs/experiments/study-20260927T235637-8e7518db/resolution/input_resolution/288x216/baseline/Browse-r2/runs/20260927T235949-6aad18b340,0,0,0.0048122429412066296,2.08386744374371,25.0,1051.0,42.04,0,1,1,1,PASS,0,0.0,N/A,1.1600000000000001,1.1600000000000001,1,1.1600000000000001,resolution,input_resolution,288x216
Danger.mp4,baseline,2,COMPLETED,EVALUATED,,,/home/geonug/kdt-linux/team_project/team_project/outputs/experiments/study-20260927T235637-8e7518db/resolution/input_resolution/288x216/baseline/Danger-r2,1500,1470,3.5939894050825387,409.0162307994451,2,2,0,0.5,1.0,0.6666666666666666,1.4000000000000004,4,4,/home/geonug/kdt-linux/team_project/team_project/outputs/experiments/study-20260927T235637-8e7518db/resolution/input_resolution/288x216/baseline/Danger-r2/runs/20260927T235951-77e5570e74,0,0,0.005610737011951654,2.4331500708619704,25.0,1500.0,60.0,0,4,4,0,PASS,2,0.5,N/A,0.8399999999999999,1.9600000000000009,2,2.8000000000000007,resolution,input_resolution,288x216
Browse.mp4,optimized,2,COMPLETED,EVALUATED,,,/home/geonug/kdt-linux/team_project/team_project/outputs/experiments/study-20260927T235637-8e7518db/resolution/input_resolution/192x144/optimized/Browse-r2,1051,1021,0.8259945539757609,1236.0856316613942,0,0,1,N/A,0.0,0.0,N/A,0,0,/home/geonug/kdt-linux/team_project/team_project/outputs/experiments/study-20260927T235637-8e7518db/resolution/input_resolution/192x144/optimized/Browse-r2/runs/20260927T235955-34943cd226,0,0,7.013520834754047,8.01612809733702,25.0,1051.0,42.04,0,0,0,0,PASS,0,N/A,N/A,N/A,N/A,0,0,resolution,input_resolution,192x144
Danger.mp4,optimized,2,COMPLETED,EVALUATED,,,/home/geonug/kdt-linux/team_project/team_project/outputs/experiments/study-20260927T235637-8e7518db/resolution/input_resolution/192x144/optimized/Danger-r2,1500,1470,1.5139925619587302,970.942682900757,2,1,0,0.6666666666666666,1.0,0.8,1.2400000000000002,3,3,/home/geonug/kdt-linux/team_project/team_project/outputs/experiments/study-20260927T235637-8e7518db/resolution/input_resolution/192x144/optimized/Danger-r2/runs/20260927T235956-d3951358a8,0,0,9.021128820442296,10.224571294898839,25.0,1500.0,60.0,0,3,3,0,PASS,1,0.3333333333333333,N/A,0.7200000000000006,1.7599999999999998,2,2.4800000000000004,resolution,input_resolution,192x144
Browse.mp4,threaded,2,COMPLETED,EVALUATED,,,/home/geonug/kdt-linux/team_project/team_project/outputs/experiments/study-20260927T235637-8e7518db/resolution/input_resolution/192x144/threaded/Browse-r2,1051,1021,0.7603621879825369,1342.781132645498,0,0,1,N/A,0.0,0.0,N/A,0,0,/home/geonug/kdt-linux/team_project/team_project/outputs/experiments/study-20260927T235637-8e7518db/resolution/input_resolution/192x144/threaded/Browse-r2/runs/20260927T235958-3814203b50,0,0,6.463405735590965,7.394996258712043,25.0,1051.0,42.04,0,0,0,0,PASS,0,N/A,N/A,N/A,N/A,0,0,resolution,input_resolution,192x144
Danger.mp4,threaded,2,COMPLETED,EVALUATED,,,/home/geonug/kdt-linux/team_project/team_project/outputs/experiments/study-20260927T235637-8e7518db/resolution/input_resolution/192x144/threaded/Danger-r2,1500,1470,1.579391245963052,930.7383485614108,2,1,0,0.6666666666666666,1.0,0.8,1.2400000000000002,3,3,/home/geonug/kdt-linux/team_project/team_project/outputs/experiments/study-20260927T235637-8e7518db/resolution/input_resolution/192x144/threaded/Danger-r2/runs/20260927T235959-897409999a,0,0,9.399450781713968,10.662706327295172,25.0,1500.0,60.0,0,3,3,0,PASS,1,0.3333333333333333,N/A,0.7200000000000006,1.7599999999999998,2,2.4800000000000004,resolution,input_resolution,192x144
Browse.mp4,baseline,2,COMPLETED,EVALUATED,,,/home/geonug/kdt-linux/team_project/team_project/outputs/experiments/study-20260927T235637-8e7518db/resolution/input_resolution/192x144/baseline/Browse-r2,1051,1021,0.8400899670086801,1215.3460225640936,0,0,1,N/A,0.0,0.0,N/A,0,0,/home/geonug/kdt-linux/team_project/team_project/outputs/experiments/study-20260927T235637-8e7518db/resolution/input_resolution/192x144/baseline/Browse-r2/runs/20260928T000001-b233b80220,0,0,0.0032923410324622437,0.8164789688652135,25.0,1051.0,42.04,0,0,0,0,PASS,0,N/A,N/A,N/A,N/A,0,0,resolution,input_resolution,192x144
Danger.mp4,baseline,2,COMPLETED,EVALUATED,,,/home/geonug/kdt-linux/team_project/team_project/outputs/experiments/study-20260927T235637-8e7518db/resolution/input_resolution/192x144/baseline/Danger-r2,1500,1470,1.7096535390010104,859.82333055559,2,1,0,0.6666666666666666,1.0,0.8,1.2400000000000002,3,3,/home/geonug/kdt-linux/team_project/team_project/outputs/experiments/study-20260927T235637-8e7518db/resolution/input_resolution/192x144/baseline/Danger-r2/runs/20260928T000002-323ae81cc2,0,0,0.0037224202252113493,1.155633835809394,25.0,1500.0,60.0,0,3,3,0,PASS,1,0.3333333333333333,N/A,0.7200000000000006,1.7599999999999998,2,2.4800000000000004,resolution,input_resolution,192x144
