video,mode,repeats,tp,fp,fn,precision,recall,f1,fps,alert_delay,open_at_eof_count
Browse.mp4,baseline,3,3.0,6.0,0.0,0.3333333333333333,1.0,0.5,411.73498822082973,0.8000000000000002,3.0
Browse.mp4,threaded,3,3.0,6.0,0.0,0.3333333333333333,1.0,0.5,446.3494863282041,0.8000000000000002,3.0
Browse.mp4,optimized,3,3.0,6.0,0.0,0.3333333333333333,1.0,0.5,437.3249885527465,0.8000000000000002,3.0
Danger.mp4,baseline,3,6.0,3.0,0.0,0.6666666666666666,1.0,0.8,494.3703857341955,1.4800000000000004,0.0
Danger.mp4,threaded,3,6.0,3.0,0.0,0.6666666666666666,1.0,0.8,479.5373929958184,1.4800000000000004,0.0
Danger.mp4,optimized,3,6.0,3.0,0.0,0.6666666666666666,1.0,0.8,514.5589153809175,1.4800000000000004,0.0
LeftBox.mp4,baseline,3,3.0,6.0,0.0,0.3333333333333333,1.0,0.5,402.5153899586464,0.0,0.0
LeftBox.mp4,threaded,3,3.0,6.0,0.0,0.3333333333333333,1.0,0.5,384.9050452019077,0.0,0.0
LeftBox.mp4,optimized,3,3.0,6.0,0.0,0.3333333333333333,1.0,0.5,371.9367537277018,0.0,0.0
Near_walk.mp4,baseline,3,0.0,0.0,0.0,N/A,N/A,N/A,511.3225318049405,N/A,0.0
Near_walk.mp4,threaded,3,0.0,0.0,0.0,N/A,N/A,N/A,537.776696727459,N/A,0.0
Near_walk.mp4,optimized,3,0.0,0.0,0.0,N/A,N/A,N/A,525.415513708513,N/A,0.0
Rest.mp4,baseline,3,3.0,0.0,0.0,1.0,1.0,1.0,560.4760086571791,1.0799999999999983,0.0
Rest.mp4,threaded,3,3.0,0.0,0.0,1.0,1.0,1.0,565.6872558107699,1.0799999999999983,0.0
Rest.mp4,optimized,3,3.0,0.0,0.0,1.0,1.0,1.0,533.7083915999738,1.0799999999999983,0.0
ThreeDanger.mp4,baseline,3,0.0,0.0,6.0,N/A,0.0,0.0,525.2951291419162,N/A,0.0
ThreeDanger.mp4,threaded,3,0.0,0.0,6.0,N/A,0.0,0.0,537.6040297937553,N/A,0.0
ThreeDanger.mp4,optimized,3,0.0,0.0,6.0,N/A,0.0,0.0,522.4096632004873,N/A,0.0
long_stay.mp4,baseline,3,3.0,0.0,0.0,1.0,1.0,1.0,559.3628693683582,0.0,0.0
long_stay.mp4,threaded,3,3.0,0.0,0.0,1.0,1.0,1.0,581.1529507018681,0.0,0.0
long_stay.mp4,optimized,3,3.0,0.0,0.0,1.0,1.0,1.0,580.9226092891373,0.0,0.0
